-3.499089031252897,-0.0766689136291756,-0.02231208301766973
-1.028820000942306E-4,-1.719123513933783E-4,-3.49999999426592
-0.02869714003551245,-3.4994402004773675,-0.055630544098563814
-2.0205175425509583,-1.965471586343596,-2.0747121013576377
-2.126458345802949,-2.77991003589595,-0.016586014891010577
-0.0022293836686517717,-2.7841089012490823,-2.1210216066400847
-2.0368617054685516,-0.03436983250374833,-2.8460521968877184
-3.056158769648378,-0.6861850589112647,-1.5617437816838768
-0.717484643535582,-1.5223371200060754,-3.0688280302653372
-3.1176993524330703,-1.5842532912190928,-0.14174715905401752
-1.207314024868062,-3.053846852086759,-1.2109550979935937
-2.542593639710654,-2.192155903865161,-0.9897828430782432
-1.0387121441341138,-0.44211980716725796,-3.3129453900930357
-1.1239647617248152,-3.313828180902578,-0.07242928866688919
-1.0096105968115112,-2.3871645300414044,-2.3520484581143535
-1.8345218136168766,-1.1139214369109,-2.7647257997411248
-0.058953430891982836,-3.3118169352081317,-1.1306604621435556
-3.350929727526733,-0.751710330551345,-0.6754269317402166
-2.716234340187658,-0.0583086134179989,-2.2065065408438267
-0.04864305234828135,-0.9195386644993094,-3.3766969804750127
-0.018874394260484866,-2.1342928464529902,-2.773884965679163
-2.6833882446277677,-1.5243644372885636,-1.6509817052055513
-3.3234815806777056,-0.011037166369838463,-1.0974280677358952
-2.5582176246567148,-0.8877906618196822,-2.2175099381246364
-1.925842295287153,-2.80434544237018,-0.8226652378341439
-1.7565343205469772,-2.5788758580392,-1.5855555775699401
-1.4429875664509897,-1.793003065899954,-2.6368403229511674
-3.030983503015647,-1.4923138109442058,-0.9144060881863036
-0.6941305504664903,-2.9261270119195735,-1.7905204519981652
-2.6982668263035374,-2.2229907637995936,-0.16633760287900798
-0.6906967594541596,-3.3534583244116276,-0.7261234419256012
-1.2340597117111487,-1.0647704770390598,-3.0973150403466243
-0.029082733566392224,-1.5550325506623872,-3.1354470113508115
-3.4128483145948953,-0.7761201236887507,-0.010194860084406066
-1.667530900809923,-0.5502390035966529,-3.027635667276532
-3.073526414139749,-0.020033675584169953,-1.6742263984980785
-2.1906017699579823,-1.408134335224635,-2.338465646405444
-1.4006508766218315,-3.1442437123943603,-0.6339626163166316
-2.198465064574658,-0.5964101810092665,-2.6572629256122244
-0.626995238377768,-2.068807606545093,-2.75261912696849
-0.4243072988964257,-0.43245078153197397,-3.4471654497072812
-2.28614033576589,-2.142685200654814,-1.5596353727968164
-1.450922009750692,-0.018317665677981914,-3.185041567192667
-0.6399246442142108,-0.9669388757722055,-3.302351534928966
-1.238976345041604,-2.668757977402916,-1.8954335848231774
-0.43321390987574715,-2.493451597656375,-2.417648617652085
-0.6268788357398566,-3.1931718831984655,-1.288672281711765
-0.110890843892125,-3.08550660373479,-1.6484393282890017
-1.6415781895488075,-3.0910641750828187,-0.023309078000419432
-2.3219494062463695,-2.570413144531396,-0.5015248959447103
-1.5244667736959232,-2.2706612504368615,-2.1840555262313393
-0.04413750534713041,-3.4475377131831735,-0.602109289748519
-0.6037276950789344,-3.443184973562714,-0.1731765227350653
-3.1444947555844056,-1.0217501554326849,-1.1481199205551018
-3.440082015487876,-0.2314816107528165,-0.6018737331036721
-0.7430583055438827,-0.011542416580572172,-3.4201946037004585
-2.853702203219361,-1.9108313939079677,-0.6746162756683959
-3.2765312317899093,-1.1688128038301815,-0.3849931385205827
-2.1706811581629,-2.497183558259407,-1.1411474865044653
-2.760972261656123,-1.7876704005686241,-1.1963555948363713
-2.39642502987572,-0.16336077218861772,-2.5456748288607276
-2.818106624793118,-1.0191336829145263,-1.8082150280445668
-2.8104344993846024,-0.5541611769290461,-2.0110602464007474
-3.273887083804173,-0.4701017185025488,-1.144843979222129
-1.6216215183342928,-2.853171360607737,-1.216452563104282
-1.1496854224042534,-1.5536455856443199,-2.9179459939688863
-2.37473029210324,-1.7219140724889512,-1.9093632359328008
-1.8517268506906288,-1.7356523055154605,-2.4101076209975005
-2.554417341403088,-1.289577752552535,-2.0154258274768466
-0.3777103973058766,-1.3170393909059883,-3.220674168333242
-1.888075845469587,-2.92798034084987,-0.33481446407075394
-0.002514502334606043,-0.45770636950719024,-3.4699421546461773
-0.43912411794389017,-2.7670212472768787,-2.097799663017969
-2.929272832131012,-1.2436469039838416,-1.4569499144275906
-0.3285093473892144,-1.804831335478817,-2.9807155951468536
-1.033637231697859,-2.0218177195786127,-2.663427712937959
-1.5315664689871964,-1.397088573966231,-2.820008451683628
-0.01624175774855319,-2.5130043515568325,-2.436092226160919
-1.106716951895988,-2.9137934736526567,-1.592163679175366
-2.5427278297048166,-0.49468100752421346,-2.3536834716757182
-3.461436995497629,-0.4499021663033312,-0.25698631667058935
-1.9393562649045706,-2.2748781095282387,-1.8203919535541293
-1.0505704345136848,-3.224167304154859,-0.8666296538571217
-2.203450589881299,-1.041417896552526,-2.512021947095978
-0.9974590257610533,-3.3217706798417286,-0.47001600235697416
-2.4233032611597767,-2.523527505593344,-0.09700635528782373
-2.6320820949359005,-2.2313158922091785,-0.5859805753543357
-2.9179263820319803,-1.9119750613584883,-0.2829434462661426
-3.221328378656662,-1.121301272628199,-0.784682695657055
-3.1045149136271397,-1.5298706397874695,-0.5210402830712352
-0.8557681889449821,-2.645766954750057,-2.1254594863093574
-0.34876962587696386,-3.3641415533337438,-0.900506167218675
-1.3020499352937926,-0.6674578905521339,-3.17949145781855
-0.3678165386950686,-0.047522285816016634,-3.4802949050638228
-1.1006791759915269,-0.025705896372151576,-3.322325173493756
-0.9656854993024836,-0.8037914316533573,-3.266706422505328
-2.5567194114759046,-1.842468856565858,-1.5226602915841752
-1.3553051220906367,-2.094776991456824,-2.4545992304443476
-1.6122602807967639,-0.8988738271353012,-2.973658122558186
-0.4343060789439434,-3.438690081773127,-0.4866094443262087
-0.8424384182207025,-1.7973766038580592,-2.8826610718933767
-3.0056819620342314,-0.3578558231281309,-1.75721801520339
-2.054886626169241,-2.4034850974883213,-1.50023342841784
-1.6351388914320404,-2.4439599738333206,-1.8982572144014187
-1.9074658265117206,-0.7254398037617006,-2.843468166132363
-3.176637322384293,-0.3115385302519157,-1.4359383922033788
-1.5761478376494047,-2.9912496597097507,-0.9045349452394897
-1.864165926714945,-1.414673070473164,-2.6026112851044507
-0.7169168574434962,-2.323897805888076,-2.51704771653259
-0.44920891861589146,-3.0985518461006443,-1.5643490034075616
-0.8627165320823189,-1.1919126370832498,-3.175699049159588
-1.710283483091733,-0.1850099150455894,-3.048065245167569
-0.32822838240751023,-2.227471368710013,-2.6796711422410198
-0.38755619461036417,-0.7648494183376215,-3.39334725061962
-1.5948730635476192,-3.0939613334526834,-0.3657638285423077
-3.2871083127706253,-1.2008867962877108,-0.05281896076308504
-1.4718084443259818,-2.7941982633315052,-1.5087199768034942
-2.4046586466910225,-2.4177868760201253,-0.7886212113803093
-1.3958891460677196,-0.3457377437988432,-3.190918191430676
-2.0255199579969103,-0.36489857352334454,-2.8309217457917883
-0.735501363864362,-0.591961374438962,-3.370255105318587
-3.394062959304423,-0.7853543868008612,-0.33697939908894786
-0.06431510838158541,-1.2403031437510719,-3.272233438866346
-0.32025572752130455,-2.9501753128133332,-1.8557752807537213
-2.9019443175339514,-0.12925435468947502,-1.9524375763968012
-3.4811685248456383,-0.03990129167711301,-0.36037978376504654
-2.9294715933590396,-1.4874630052519326,-1.2065032083294844
-1.704176689423698,-2.0386886904506816,-2.2780540455953564
-0.7844246648759249,-3.0561948521356164,-1.5147115140890852
-2.484832229812009,-2.1068215411867617,-1.2794185332716255
-1.2088823669400937,-2.4879951184858013,-2.144407543656788
-0.2290055917950764,-3.215441764921506,-1.3632647194602594
-1.7288926205801634,-2.9807314062801376,-0.6133274738006529
-2.170486257460007,-1.6658548882512492,-2.1826398918435146
-3.3694863916448488,-0.24641715797667033,-0.9142428784381516
-1.2890568457635267,-3.2388703588419454,-0.3131313574288528
-3.041515680277754,-0.9612896954251641,-1.4405222969791014
-2.1507906071240472,-2.7433369358674913,-0.3133723354288546
-0.8502339157668997,-3.2147662374333383,-1.0919616875780869
-0.9527017171611435,-2.8006628958680517,-1.8704669956527407
-2.211236175924154,-2.015868634748843,-1.8156839542497913
-3.282630855245433,-0.740333636747675,-0.9624140348574517
-0.24517016997855234,-3.4821629819786195,-0.2538356844308095
-1.9493384601622574,-2.687274051286317,-1.1084393267181858
-3.1694045315157386,-0.7254441001627832,-1.2956101933631556
-2.4005108947649325,-0.7310445132642537,-2.4399019168280294
-0.04703710841359183,-1.864467151617211,-2.961680224293719
-0.7734799197556156,-0.3078041764402251,-3.399556647961731
-0.23913374351446026,-2.6487532279508694,-2.2752849030687585
-2.729030310283024,-1.984895062576999,-0.9287546264293897
-1.4842124894101523,-1.1518164082899505,-2.953037799939743
-2.872389881557893,-1.999761488385087,-0.01817575020994311
-2.9129459832663396,-0.7223101079950874,-1.800836973870934
-0.8770843172291635,-3.3829266639144846,-0.19112898013401972
-2.4220827700771403,-1.1267302406574045,-2.2614141636780194
-2.372818195548809,-1.4806724514452874,-2.104125210723805
-3.226714738799111,-0.02859632244154896,-1.3555420483184588
-0.005860802041136843,-3.390268059346519,-0.8695102856057663
-1.1209158732088493,-1.309162797091093,-3.0462502155766966
-1.6850374433003983,-1.631019798730012,-2.5981576608871086
-1.5252999507448626,-2.636634157727007,-1.7238388493606118
-1.1597887711979553,-1.804844858576679,-2.7653978091176077
-2.889184681142318,-1.7220408998754346,-0.9680841995450435
-0.34871285708930416,-1.0665117993921318,-3.31526046111885
-2.753522769127075,-0.8360922850552942,-1.9922504990010117
-2.9863325409627297,-1.6751691940819278,-0.7250007765416457
-2.708923335215355,-0.3748810002975052,-2.184307350063553
-1.8041651983321632,-2.170356412588088,-2.0699132782473835
-0.5801103954140823,-3.2997487758671467,-1.0124870099392795
-3.356447757251517,-0.5138357062731942,-0.8486644329768944
-0.2206306369409164,-0.26969191832632683,-3.482612294131018
-0.46191762988728335,-1.576082189633636,-3.090727589859539
-2.1710507690360696,-2.5941144746324967,-0.8983922588547031
-0.6974786096743094,-3.3974682872801245,-0.46982212162972015
-1.818718190120431,-2.668483025677737,-1.3496156810717836
-1.340219412765127,-3.097752918241886,-0.9261418806918179
-1.4150013011110478,-3.200107701475912,-0.08415471946715762
-3.191347235707967,-1.4032717313221208,-0.3100504301099045
-2.990250964319172,-1.7545915737127258,-0.47938249847544295
-0.14611970306452776,-0.6892974527412447,-3.428340422714869
-2.0524422308807995,-0.8753937599178332,-2.6965100878717227
-2.2261947404683866,-0.31384198898597154,-2.682454134456025
-2.3371607860735852,-2.3137316922263134,-1.1976331309827153
-0.3019519752886741,-2.028964940699774,-2.8358642904819034
-2.036572786595575,-1.237347816474983,-2.563462827107686
-2.791472112396489,-2.0662757378827687,-0.4338064323516878
-1.9295305232789333,-2.9189316081226933,-0.08215976410138087
-0.6733811774923582,-2.7830676690320355,-2.012732505671729
-0.5674506836899025,-1.8418354480571684,-2.92158208918728
-2.522245525215606,-1.50820376929013,-1.900946843241256
-2.7839366857980448,-1.299627854774527,-1.676503494944749
-0.3353651263689727,-3.2931732232017796,-1.1368994476216105
-0.6069567768797736,-2.591320991948869,-2.2730285936795536
-2.585782123619965,-2.330298984498184,-0.3652909142233874
-1.9839847271633984,-2.8323551772323277,-0.5399710662504115
-3.408017602962383,-0.5259342291061201,-0.5990068485026558
-1.2938846457366053,-2.7836158702673166,-1.6814711446596373
-2.3851044803304102,-0.41588268587670707,-2.527512257041651
-1.1751186230886514,-3.2310517974493864,-0.6552865814812033
-1.561675675613393,-1.9246160505015406,-2.4712389893228264
-2.6417074290334863,-1.0434253049392828,-2.0451517040067353
-0.09621624576406186,-2.310052343378931,-2.6276226146272568
-3.316426736221171,-0.9839476986259409,-0.5321283958276486
-3.037318095063365,-1.2755099350640275,-1.1822745852608074
-3.139737360019094,-1.378187471155764,-0.7018893106819718
-0.573142255029319,-0.176627450108689,-3.448232982176235
-2.8290228052814217,-1.4909458314312731,-1.422571789026953
-1.4088827145622662,-2.9369014196887764,-1.2804919162719106
-0.10178676270143927,-2.9117911381860666,-1.9393586111185965
-2.563428599814557,-0.14565305652154734,-2.3785749937260148
-2.391623756426626,-1.8784932337683606,-1.7324546107711691
-1.395965150005855,-0.8651950789040357,-3.09074728430025
-0.6369973907150095,-1.254710498254289,-3.2046740691984175
-3.0240150967592774,-1.7621025115365658,-0.018095121124354956
-0.290878904654756,-3.4224028506445805,-0.6727170212851006
-2.6449107685736317,-0.6410377990562066,-2.200799301722993
-0.9647445394879446,-3.1151652199608897,-1.2708318637310831
-2.586264067879704,-2.3581962945621004,-0.012182262019298933
-2.220837761039093,-0.041468626362410804,-2.704840104732715
-0.8814968505737086,-2.180241145504797,-2.592202123654049
-1.4172015672123195,-2.455458862015824,-2.0523794714523187
-3.2039590051511775,-1.4087731909210712,-0.0021885732205563597
-0.9330221691764439,-1.5570042434381166,-2.992525257661325
-2.6328052084955744,-2.006165463501152,-1.1373815838028078
-3.2791630280589987,-0.20678994571721565,-1.2059551209564998
-0.020385632498109398,-3.4879306383224926,-0.2896968902817265
-1.1834359441220352,-0.8610444123162274,-3.179320978790753
-1.008733673673315,-1.0213148397378817,-3.192079631483012
-3.4251641385795,-0.04065567304182383,-0.718747340891408
-1.051841657183925,-2.659572219881066,-2.017499624646674
-2.5433707655199878,-1.6851088398586398,-1.7151307084092866
-2.1500110042871667,-2.696175648727158,-0.5984058427645725
-1.3019916651521577,-2.2664546003583736,-2.3276600371163907
-1.4648271744540757,-1.5939519466467982,-2.750199727431041
-0.500321627351343,-2.314122415070885,-2.5776958155048084
-2.7002058605433454,-1.18526191522276,-1.885216831828595
-1.9581156972854747,-1.544425844520375,-2.45571409712567
-0.9559175734898919,-0.18233344906081791,-3.361989902728261
-1.0675676004626504,-2.2243194057435662,-2.4824791237138344
-2.85483981522386,-0.33553580412669964,-1.996823816354774
-3.192737139013978,-0.5061630945473543,-1.341725934339455
-1.7758386256412024,-2.8560723287553884,-0.9691480942552266
-1.3331109359956004,-1.305626961706595,-2.9611067980053907
-2.9212583990735843,-1.0799199699784723,-1.5968789009451332
-3.488112289511009,-0.1954104809306967,-0.21186646668291229
-1.2914475166710482,-2.9035833986478528,-1.466753816692075
-1.654296723004527,-1.221576683110722,-2.832146316759904
-1.808263207827961,-2.440208947773328,-1.7394149770605973
-0.22008134997247225,-0.4916266635138135,-3.4583041253071674
-0.2287691060276337,-1.4871432769173434,-3.1600742981845955
-2.1791230081597206,-1.829603722648985,-2.038129812690523
-2.007214942230043,-1.7863282875918718,-2.2427927734495525
-0.23138743676415688,-2.4253375497613106,-2.5128067223376958
-1.8223596742144754,-0.42453530715589166,-2.9578328199502693
-0.232151449545044,-2.804209851150762,-2.081468908051032
-2.5535781461340643,-2.2633059406617013,-0.7788997820977782
-0.01940654891571175,-3.2181402968924155,-1.3759347424120008
-1.2435874388128496,-0.22122535377935845,-3.2641307609947394
-2.617474469173377,-1.9104910249398517,-1.3224414719940618
-0.8302615964383477,-1.9722783189840642,-2.7696180086692532
-0.006721530288575206,-0.25064644687646415,-3.491007187001881
-0.1604140987237856,-1.7052334373710574,-3.052285412768984
-2.0359807490945254,-2.1022953827070143,-1.9196709387718676
-1.9312335864113737,-0.19867492945911566,-2.912192491426533
-1.2883399453917104,-1.9281669166046147,-2.621517218486184
-2.2533914605273924,-0.8439243874294939,-2.5416566553970226
-0.9091324931146516,-3.2985312360764074,-0.7370005390712985
-0.8623237348765347,-2.511138445977168,-2.280478344866261
-3.2627745817858274,-0.9219139419630145,-0.868548623893064
-0.5904769710428212,-0.7683953710011752,-3.363168966985165
-3.3414323062784583,-1.0006919980287943,-0.28886963779490854
-2.405938769810583,-0.94811555712467,-2.3585028145542917
-3.2234551392267914,-1.2392846554903996,-0.5687798414662999
-1.0541500255295897,-3.0178013589432795,-1.4253570365477062
-1.8773067912945296,-1.9505402374536178,-2.2183579497984134
-2.688447885393406,-2.114746459108581,-0.7416841519214499
-0.4098075215638896,-3.4737304665495703,-0.12350887026835396
-2.3151290692346547,-2.6137321781352454,-0.24203614144393962
-3.448448279564336,-0.5882390048526689,-0.1103600305351222
-2.03288249617913,-0.5624512877678962,-2.793033710075255
-3.4616092447109574,-0.30614881655831067,-0.4165745300082341
-0.49534173792873015,-3.3798494253035147,-0.7624004360841131
-2.321541857194855,-2.4328944216778803,-0.9702928105788053
-1.1172358332291328,-0.6453791773541177,-3.2535011618849206
-2.93265903559753,-0.9005292760078951,-1.684802066707203
-1.5122528235290158,-2.124398186892335,-2.3345285907988105
-0.5203161302150917,-2.876278933820697,-1.9251728804180852
-3.0953779685566856,-0.42688471296058955,-1.5768337495165563
-2.2200409629398297,-1.2254816322157935,-2.412387384308521
-2.479613650578663,-2.3947001550568827,-0.6057452527544035
-2.347937999476515,-1.329422879350523,-2.229309749333544
-0.4258952598446442,-3.197025004857588,-1.3592808193884
-2.295863965479076,-2.2455817328248675,-1.3915356025693193
-1.688991514272001,-1.4363738048205403,-2.708161361060773
-1.221685243294861,-0.478514067710267,-3.244766471307134
-3.142627577404013,-0.14425288674965436,-1.5339762105078996
-1.4451338615205078,-2.5656877524360757,-1.8917807693510214
-1.1091445065997034,-3.15252581928459,-1.0398939475849078
-0.6264706773135106,-0.43614043531528596,-3.41574530829647
-1.8181800985923011,-0.9348739532780715,-2.840815344327244
-1.6230979195285307,-0.3672658262220702,-3.0790694952390365
-0.1502931546503689,-3.4697936711450357,-0.4335249097192639
-0.7737047156575833,-0.828458208133113,-3.3113498773681544
-3.0419771197695606,-1.7104163902234126,-0.2661784642934141
-0.7536794855775859,-3.2881557152251824,-0.9327374901071979
-1.5169379129990985,-0.19396752797881842,-3.1482179032264783
-1.4416960588041883,-0.5422441598983908,-3.142846439946527
-2.68090569363564,-1.713458893831144,-1.458356362821845
-2.9204738485669464,-0.5392526030928342,-1.8520364817935346
-3.2130473664948624,-0.8173185900648642,-1.121747272336693
-1.6822949327396122,-2.3084460590304174,-2.022612308828748
-2.104738077881136,-2.174430940070731,-1.7583878156937787
-1.4747444542123451,-2.990294248176638,-1.064551127983832
-3.098405465224887,-1.319721507706355,-0.9530050971331768
-2.293938290057139,-2.6432990116214214,-0.028591197438157523
-0.8885983706745223,-2.9613618624254676,-1.6403441271289838
-2.425381437923456,-2.4971608344150207,-0.36292237136890065
-3.4194267422526137,-0.6182787392606606,-0.4186312875860165
-2.661814848639967,-1.400439571617024,-1.7898353884670282
-0.8716624834215169,-1.4058404136879863,-3.0844476403785857
-3.0583157657333513,-1.118303601232375,-1.2830049620081467
-1.6302555633718552,-2.753207143292934,-1.4184911787585701
-1.537662843023743,-0.7477797430813449,-3.0539185380460525
-0.17063168636717688,-0.0757352007363626,-3.495017740581143
-0.22284258673416496,-0.8536830435887931,-3.3869700976871053
-0.21446534334966813,-3.4929731413224587,-0.05606469924850761
-1.0343353183396544,-2.517299172817748,-2.200762441465749
-2.7804493164491477,-0.21398104081914254,-2.1150209721956483
-0.4657988079715038,-2.9943480588160596,-1.7512598816728548
-1.9718266475859365,-2.567301694266376,-1.3307372702705076
-1.3956404068012018,-3.177521417747046,-0.45337125478196877
-0.43055600852473863,-2.6376654599949605,-2.2599430180145728
-2.0855048786585133,-2.7037192966587473,-0.7684864123500623
-2.6024197670458227,-0.3130688102090306,-2.319353202115509
-0.8622521549227737,-0.4625656568994879,-3.3604395894567394
-2.0596535701291394,-1.3884285137619938,-2.465784547203375
-2.8728542218062305,-1.6447663712390457,-1.1364207866328642
-2.062764265494841,-1.0499038195940358,-2.625396266204282
-3.007716538469739,-0.17958270391112766,-1.7808400480311477
-1.2679882431554996,-0.0013155011513268523,-3.2622391213208375
-0.12647268798520683,-2.0062642642023043,-2.8651192577933964
-0.11797073732442438,-1.0774614665638131,-3.3279362513734077
-3.4573343723440155,-0.03970155261869669,-0.5433809202836203
-1.0125111545456538,-1.751754656699282,-2.8559020964754738
-0.5158886033304354,-0.6128292235749601,-3.4070954333106496
-1.3105514552147794,-1.4845865565653296,-2.8859067274082024
-2.411387596499839,-2.018866912716912,-1.536029377383003
-0.6988194899679911,-2.187127669382604,-2.6416138775873166
-0.7954558178640413,-3.144718639848597,-1.3145321289398133
-0.533466112506182,-3.442792592968016,-0.33554890643855184
-0.19923976169924967,-3.3398455947288883,-1.0274896207398239
-2.7980357978905674,-2.090413166050651,-0.22620448475878807
-1.7324822133424447,-0.7742653298975404,-2.9409213827252705
-0.6192732840522193,-3.058293798758174,-1.5853515825003857
-1.8046163646129219,-1.2873638064619404,-2.7085151294358805
-0.49382482546718076,-1.9906877820459479,-2.8360710844697268
-0.5263111224363509,-1.1351497727765731,-3.2687048804939676
-3.1787192806628544,-1.1114387133567614,-0.9541738422290204
-0.4753386555303782,-0.9083924418943091,-3.346472222216683
-1.8051670420065875,-0.04713793687897244,-2.9981911155495045
-0.8406235182870402,-1.0259722836875034,-3.2389401003426674
-0.924982374842113,-0.011116388576062357,-3.3755420353087695
-1.6328326696257842,-1.0593663521256977,-2.9088830167242246
-0.6704803164202648,-2.4507082262921833,-2.4071737234518
-1.2638355873717628,-1.6411897794901815,-2.821208201425347
-1.7868210547781012,-2.3430711203322176,-1.8887266195155932
-1.6996194804436733,-1.7700539809951223,-2.495636697530251
-0.9538593838549125,-0.6296332662789544,-3.308128508058117
-1.6548795171036654,-0.025104694731920504,-3.0839493410516905
-1.903581512350012,-2.496560181805281,-1.5471149551547945
-2.871575386655437,-1.8242525544572115,-0.8222879157028967
-1.0936779101648217,-2.8314593190833173,-1.742614918217375
-2.094300153583455,-2.2880904751301667,-1.6212800018253863
-0.2399039965381955,-3.13094612622003,-1.5458403627647932
-3.1382231489357877,-0.8964640879099938,-1.2640837023596392
-2.027770614953635,-2.697257778144513,-0.9289493050589379
-1.004575307836748,-3.3396444171300677,-0.29597908374862386
-0.8622701472585442,-2.3622335612499405,-2.4344080995698216
-3.373936136975275,-0.9199008392892707,-0.1426092195029957
-3.2976510129340237,-1.1524785995711195,-0.21746465097987738
-0.05001082120445874,-1.396610416514453,-3.208890503311975
-0.8242829108370577,-3.3833160119684296,-0.3517533881287063
-3.3640023114420177,-0.8242067460936046,-0.5041544290260229
-2.0175620747768597,-2.8478680930478073,-0.26285090645143117
-1.7577321474190608,-2.9154797920353746,-0.812622470870051
-0.4872983192376838,-2.1780376195002247,-2.696051274755346
-3.009353461835263,-0.5871137235903353,-1.6879245295071725
-1.6955305934672293,-3.056735742440342,-0.17760238597596784
-2.0762038884749265,-0.19261653943030893,-2.8110987677809347
-0.21222450825013583,-1.3356393609634785,-3.228161745567136
-0.18819603001350785,-2.5403673452568447,-2.4002324898725638
-3.0990737375157447,-1.5859758558723855,-0.36114062915995315
-2.7746153542834597,-1.6767681215801566,-1.3190747902325413
-2.4990406368989473,-0.010975259807909693,-2.4504439268834237
-0.2972453506160444,-3.035978647625506,-1.7159483828772788
-1.6712866856633493,-2.5468807207784003,-1.7234266472500974
-2.159976368835466,-0.7584662996650385,-2.6474952234791242
-0.565737199479588,-1.6811284516581064,-3.0172418779658035
-1.7762521440301975,-1.9030837727170746,-2.3394872247672294
-0.383660137567602,-0.25011880983428153,-3.4699056874515612
-1.7479343644112801,-3.013760161949602,-0.3346268727338584
-1.101241550859015,-1.160579549426777,-3.1129282285516915
-2.5169943166647166,-0.6962552208932172,-2.3302292327701264
-0.3021136984489656,-1.6294784436388983,-3.082779154419862
-2.7279927062341476,-2.1927109363253057,-0.008633912942051679
-0.5452485312136003,-1.3842978575548666,-3.1680314835522734
-2.115389475814917,-1.5509747309826836,-2.317240762084225
-1.1668321393955556,-2.05841756141761,-2.5790346840089553
-2.792649360210604,-1.8327773231311975,-1.0450056625355415
-2.8023519445024156,-1.4048690505814239,-1.5566523471417697
-3.4918483162241714,-0.2367732768472988,-0.030557353507986225
-2.584381954060371,-2.353987852437923,-0.17236909845384876
-0.048616590447422135,-2.688352204665618,-2.2406246563855303
-3.2386499767336026,-1.313990821077331,-0.18594206175031058
-2.463092344424049,-0.28750847470285307,-2.4699220594613265
-3.005410577049239,-1.4352917040316087,-1.0758461728790976
-2.2684001868415105,-1.8840750449576,-1.8853704721633404
-0.8256106502796372,-2.776816221952085,-1.9640923409169397
-3.389446748993723,-0.08029436104420193,-0.8690244825782427
-0.33029124466535387,-0.6029671339287064,-3.4318126885217985
-2.1461316820629404,-0.46310806047470804,-2.725738382084577
-2.304219334766636,-2.5292906480503436,-0.7370631417814051
-3.3083663749836703,-0.5781490434283421,-0.9851170552072998
-2.323278626707487,-1.090662163859841,-2.3796706635601366
-3.407500554563147,-0.27868778408224315,-0.7491816132655521
-1.4726423705223533,-3.1615740245994446,-0.2928722170510085
-1.2525165667669116,-2.5707963910672444,-2.017971299510987
-2.1522962782283237,-2.4415542497290477,-1.2870250876943048
-1.2521845881411855,-3.2649558376320416,-0.14865105291972627
-1.1616870559195505,-2.335912920115617,-2.3332368104729313
-2.9220871542309066,-1.3654749384706049,-1.3590014185008858
-1.806103279598762,-2.95926782134661,-0.48033832343993155
-1.0333515952618497,-1.4345416466509318,-3.020641445884272
-0.2107034472454537,-3.4000016850905617,-0.8034877713445452
-1.4010850268353578,-1.0125667069091306,-3.043299099930364
-0.8115377851363451,-3.404206570325558,-0.0527640962046417
-2.740468356431845,-0.988457316811399,-1.9397900196252562
-2.0497032825399133,-0.7084684810832579,-2.747141944795843
-0.6767718864287571,-1.1093126126777022,-3.2498315865739613
-2.4972855935975242,-1.2096826942644192,-2.1331273856025192
-1.6476201454859702,-2.909864252946742,-1.0334591842987753
-1.829621211020528,-2.7359333142799707,-1.1904432468609303
-2.9719158855133987,-1.6280018985920568,-0.8759713394933468
-0.23993484354871944,-1.1707196926648606,-3.2896575311205187
-0.34171196062669573,-2.342596070584198,-2.5778821901025917
-3.197813786645987,-1.3453864954421895,-0.4625172038082884
-1.9126306310330634,-2.184773683303269,-1.9541258971672046
-3.125668230109605,-0.6642150218971149,-1.427941357328691
-1.3844155500354287,-0.15340723258977912,-3.2108970406740305
-0.7409725113309281,-1.7145439096274668,-2.9599491413555232
-2.443677201328383,-2.3347516519315095,-0.9096023634044539
-1.100835751474979,-0.21602269647721942,-3.3153423417320314
-1.942031399812407,-1.012675489519228,-2.730018753611348
-0.008457602171716259,-0.6275876258094357,-3.443263312745103
-1.9039809145093443,-2.768635010467035,-0.9795493126945491
-9.107739582887057E-4,-3.469788007107493,-0.45887945718217854
-3.0448549222593804,-0.8290783837900292,-1.513766010955768
-2.7207917236151813,-2.173065417003012,-0.3536652232446053
-3.2679091149920043,-1.0715663494757517,-0.650011980522966
-0.888851585238156,-3.3363166417351344,-0.5735277896499974
-1.9771752836399379,-1.6769953643304694,-2.351268688554638
-2.4560219427055467,-2.2353850183266006,-1.1049932292959332
-1.922732021314213,-0.5084063423989638,-2.880038986753733
-0.27620931180207053,-3.45111162989943,-0.5133584849271772
-1.2682864357134953,-3.220321217536212,-0.5205581359187912
-3.329708412398571,-0.6891397718127178,-0.8295349681044797
-1.8663591052108768,-2.8983946300575183,-0.6049894700324947
-0.510085960666386,-0.004315668727276634,-3.46262814748198
-3.320015975166063,-0.36892715446155566,-1.0446945387734317
-0.6808324381306201,-3.4179186402910617,-0.322954113675636
-2.8364571219318853,-1.150417002403479,-1.6973661113686933
-2.993352612491347,-1.8070048006463117,-0.15676028748509557
-1.532300309403649,-3.1429499467211333,-0.154665426670314
-1.9791174693044347,-2.3850533055358785,-1.6262271589314916
-2.6706588667212503,-0.8099166667374752,-2.11225382247116
-0.6678450083631081,-3.43549914114105,-0.0364512828798557
-0.7691566703455887,-1.304645762327131,-3.1553601143617107
-2.1834089932368386,-2.3364496460303887,-1.4225780188857708
-3.4224366629368363,-0.38129344293109185,-0.625733648259007
-1.3432467049971126,-3.012178069774974,-1.1715253157662084
-1.2312766111285078,-1.2115284233835741,-3.044036265589096
-1.0941966326245598,-2.751435871936449,-1.8661013830374777
-1.6152059283536437,-3.00956484791537,-0.7639563045118359
-0.1702658503858732,-2.1184508278804257,-2.7808587936184597
-1.3290298260958926,-1.7379162129960617,-2.7319090317858223
-0.7310675309116836,-3.2137889938439623,-1.177752337418231
-1.1553124447180168,-3.285100577094036,-0.35123689079609577
-2.2170040749435307,-2.702373300144969,-0.17908511481240413
-1.3028156444801986,-3.162948130056893,-0.7405609516219774
-3.1569393616315233,-1.2606472762204188,-0.8333680531071417
-0.20947224218891258,-1.9058194931390158,-2.9281348055244476
-0.9864527308113442,-3.357534969131708,-0.06220884931086308
-2.264960764999271,-1.4666550942924612,-2.229097478218459
-0.12542678444289584,-0.3822197326157338,-3.4768054587140007
-0.11477005505883825,-3.2654038335312285,-1.2545778726015164
-3.0667349828122177,-1.4979382493688054,-0.7754466753256889
-2.420612996376726,-1.573098425945724,-1.978887077136837
-3.2149774891324796,-0.1898574923391579,-1.3703553834586495
-0.9169739915754185,-3.050362209441129,-1.4506719443029414
-0.5263294068781577,-3.4091374164651835,-0.5922494669582898
-0.9578939922926747,-0.3250542735573739,-3.3506385688062044
-2.326764781325742,-0.009796917486671212,-2.6145878590687923
-3.4225024406135933,-0.7100879544824947,-0.17958881060039383
-1.0774675488887073,-3.112468377512653,-1.1838936945838985
-1.5627265466820077,-2.3851848568365335,-2.0294775039435673
-0.9629515576518392,-3.2195285129403106,-0.9784479812336705
-0.05784927970283143,-2.411495433126339,-2.536009313241707
-2.278142814332867,-1.5932089621770018,-2.126440810448861
-3.492675179057418,-0.05267672140378659,-0.22010283191813235
-0.49284420219114194,-3.3463449811069554,-0.8994886657356305
-1.830206021925496,-2.9789140773011966,-0.16253257324121964
-2.636412550041563,-0.4935528898095403,-2.2484960331172466
-2.634913991654006,-2.087397058966805,-0.9746803449350372
-1.5436688883581906,-1.6687575597975026,-2.6612655954890467
-1.4381543938837347,-1.9350225245740666,-2.5372031390379273
-3.4744201698219164,-0.4033920803093041,-0.12521706384664436
-0.6216624346295514,-2.7126346584742373,-2.122533633894836
-1.9500628699466616,-1.1407414704411805,-2.6731935397331568
-1.1568973768087196,-1.92125166153282,-2.68707657363732
-2.9781254381156765,-1.1123032642622053,-1.4640868564262
-2.8558173587291074,-0.8447089793967898,-1.8386881066967113
-0.8994119960901978,-2.0588322251733597,-2.683704143507022
-0.10272838171200374,-3.49413813516079,-0.17448659549063025
-1.824948566887742,-0.6396571467787148,-2.9172592381873246
-3.1705859735954127,-0.00969682487470291,-1.482326062520448
-1.0531363983720925,-3.256839470134516,-0.7306848788621407
-0.7350212894449306,-3.002983562370942,-1.640680781929452
-2.2885910694076728,-0.48190646814105353,-2.603865793966974
-1.1565483930673497,-0.3613324157201006,-3.2835704195042332
-3.065753314918011,-0.27016721060191684,-1.6667832163736245
-2.322773669676201,-1.216273408424207,-2.3184912066728045
-2.527863748467803,-1.9645251994166493,-1.4144064514980421
-0.510757839459325,-0.3233754754053469,-3.4473982554003255
-0.7127266123642902,-2.6337522762921393,-2.1921153535235542
-2.731063879071734,-1.5915957090485588,-1.502701962255946
-1.5158705067773508,-3.1167816974075797,-0.4876560851539778
-1.4371185113959306,-2.724432862346169,-1.661973514461468
-3.1032832114609583,-1.1763446091196503,-1.1116864081474134
-2.4686031221871785,-1.3958602351566118,-2.0512369022217403
-2.2630731256488974,-0.16690977849753838,-2.664702826547012
-0.4333003965014607,-1.892419743063074,-2.912215356469498
-1.2507198703372717,-2.1877500562711223,-2.4288782384527265
-1.012065171265478,-2.139198802648699,-2.5786726375904623
-1.392962912408289,-2.3072869293646083,-2.2329535038236363
-0.5552696830288968,-2.414318135699608,-2.4723963110191205
-2.6173449067794623,-1.6850909519167816,-1.5999919133307527
-0.7247011253120175,-1.8660601952533256,-2.8709976709608487
-1.4904693872246955,-2.8479187190630624,-1.3848682158805747
-3.054918764697836,-1.5857027530136942,-0.6348370816058557
-2.7300292833382374,-0.6399258570450749,-2.0946204929773877
-1.6528452133080256,-2.6789956785562516,-1.5300604089779182
-0.7309920790454679,-0.14635240611324207,-3.4196829609771795
-1.038820921607374,-1.8648747049574526,-2.7736426279606867
-2.4890730686503106,-1.643177779143223,-1.8315245139090202
-2.862838557621693,-1.9578169046024256,-0.47022160844384925
-3.355393824558715,-0.9152643675833032,-0.3919482357985245
-1.9132149068898425,-2.04154300885945,-2.1027864520753403
-2.791441335917415,-2.0176997431500867,-0.6218866573771064
-2.930530986119504,-1.7887228577721097,-0.6800431438350228
-2.3867617642954255,-2.1136797034264365,-1.4442044148320974
-1.0201789365588145,-1.6314508226853097,-2.923628422108588
-1.8129310601207909,-0.29294173589850253,-2.979507696015917
-3.229037882706224,-0.8930140605870397,-1.0128377163405564
-0.048109099835488875,-3.3563039098436978,-0.9914179639692463
-2.0544159778411677,-2.800587697792374,-0.43137401053486063
-2.644260200006162,-2.2479890642547384,-0.4521428553615302
-3.325094820371316,-0.893303640279753,-0.6290890571316472
-0.15305646553740784,-2.742722388999851,-2.1688816508136504
-0.6176957439867999,-1.9432631060419105,-2.8446758108011077
-1.7613192643535789,-2.101597923147071,-2.1750955423706992
-1.4960837758834569,-3.055846226614934,-0.8206931063567948
-1.2200198145687668,-1.4193017518146045,-2.957555441467765
-3.374283593072079,-0.36484769510795195,-0.8550417492140336
-3.4653193235379063,-0.1486524978627351,-0.46847029873190116
-2.6829023905882092,-1.8952185034358766,-1.20837973617996
-2.209297979292977,-2.6188110315230344,-0.7147245762286514
-0.9777713211854401,-3.1748018847491735,-1.1020872179915586
-0.4537762030329901,-1.7637132393654504,-2.9888798515243113
-2.308198760488463,-1.9808402187930738,-1.7316150004233999
-3.393827457138669,-0.6499305830143265,-0.5563500952047482
-2.325648087836764,-0.31938495071695955,-2.5960266225130915
-0.4978461741114392,-1.2573650837743493,-3.228185594575957
-0.4018611033887381,-1.434390891388702,-3.1671802007912833
-0.32199589513698806,-2.878299295860874,-1.9651238655519212
-1.5163192962586294,-1.0251825039701443,-2.98324934012349
-2.0985477052303425,-2.585419822313381,-1.0778227457525222
-1.6233517453926143,-2.187052829803938,-2.198073936512905
-1.0923143616867281,-3.3190434835666123,-0.20198933003235425
-2.32150593676144,-0.6795357571323689,-2.529593117550711
-0.045442021856346854,-0.7704433985172312,-3.4138470956284532
-0.048883739627685385,-0.12056635111878995,-3.4975811834720743
-1.4013551124608385,-0.7391431516553356,-3.1208766797393466
-1.1232204166707132,-3.28041372446443,-0.4767197205061664
-2.9260780808586975,-1.837012481690922,-0.5598680262615856
-1.930836444618281,-0.050126459019458856,-2.918793922537185
-1.9417839903309981,-0.8904865716412357,-2.7724553378947085
-0.22658741140700137,-2.3055632174207443,-2.6235541533325324
-1.3514484986588822,-1.1302601127085088,-3.0242518137702756
-1.428226966908107,-1.3640737383719874,-2.889545045033965
-1.2359921241968288,-3.154942736302329,-0.8767324560985429
-0.8897138202812491,-0.9072779224990613,-3.2611740354274765
-1.7912849538430324,-2.8040621986120864,-1.0856027820756144
-1.5829944295142007,-1.5028526889337088,-2.735975590441503
-0.7959014941242294,-2.867688380828821,-1.841983757287288
-2.3983420624674747,-2.4853940349420474,-0.5663672328743489
-1.327846519266883,-2.4301507259110364,-2.1403717131902313
-0.07564345890177769,-2.6062382111627866,-2.3349090889797774
-1.7945580307492786,-1.6127652624920499,-2.5354584757736065
-2.8403648834754383,-1.5677567662808773,-1.3131892668233647
-0.27071445177850145,-0.7187307301743815,-3.4146946895881136
-0.33121251871855517,-2.5850986475984254,-2.3361428144762257
-3.4763889052837373,-0.31377963487870447,-0.25741507328733554
-3.044677150769786,-1.6464372012196717,-0.5188309840596553
-2.498987929525314,-2.4504677945323206,-0.016337565506797144
-3.376532293529398,-0.5597069223288891,-0.7319548017809747
-2.7817343296733155,-1.9891127023623791,-0.7452414215659139
-2.5826603095704495,-0.9906439967308173,-2.1444090554534276
-2.9922837575791656,-0.7287334583938097,-1.662884680531186
-2.2024026033121546,-2.2373061728427777,-1.5472181041738895
-2.3274775169956774,-1.6668856127029401,-2.0135393619305235
-1.139190639834897,-0.9786078906978941,-3.161419188019263
-1.77210782523232,-1.5002163961103034,-2.618966326738889
-0.9118880322007684,-1.6986757423644063,-2.921123232428194
-1.49264231394733,-0.40895024225983767,-3.1392321707655806
-0.7765912570631743,-2.0740143000529137,-2.7102344368391935
-3.3440187331120486,-0.11409434214793678,-1.0268988234901828
-1.0974714901292597,-0.7833190789941332,-3.2298556544894144
-0.22301637251555465,-1.0091873206750872,-3.3439205506977348
-0.41643734606571564,-2.076980145956558,-2.7861682307613833
-2.1224701909801467,-2.7791665512659063,-0.1461286033788985
-3.149634441135408,-1.4708648302642098,-0.40787196312750307
-1.0746092359196504,-3.277316257411805,-0.595326077860245
-1.459408366543668,-2.3646639823476936,-2.1280252513186704
-2.2942629402044714,-2.6177687373018426,-0.365574068021041
-0.5412979865640857,-2.5247717312641043,-2.362736590217226
-1.5531189307299276,-0.5535370749902581,-3.0872995147247306
-0.7041851313599834,-3.3767799919820582,-0.5928576443980235
-1.520920515110957,-3.092699394232275,-0.6099272445381841
-2.309670450248534,-0.982043751142366,-2.4394697132965115
-1.925044958565967,-2.9153281843230183,-0.2122816176488364
-3.0859046957839267,-0.1478671261711984,-1.644787986804555
-1.7003802760508735,-0.6630464069811528,-2.9864822750196494
-0.2917322320641242,-3.465848278654516,-0.3908810741420086
-2.8636142832481037,-0.6333000858084923,-1.9101424653916275
-1.3271100954445274,-0.5464408801556803,-3.192206315240903
-2.524282345766646,-0.37896989979427664,-2.3946566463484396
-0.6343538028010497,-3.110382557198757,-1.4741491107569706
-2.303032656436653,-2.391426152882796,-1.1077551799447944
-2.704958040624692,-1.778098591805551,-1.3310024028073506
-2.9858543151091212,-1.7948004064099,-0.3366979508329395
-1.171179710155322,-2.9820808370355283,-1.4090890560592615
-2.9930274723363643,-1.2001961779134396,-1.3606306201029603
-0.4953900996488307,-3.226807739193755,-1.2618638846758417
-1.186090284425422,-0.1086428987227707,-3.2911071932935787
-2.385377533447625,-2.1900795900906296,-1.3279779410787609
-2.6358933464014647,-1.1543233651882012,-1.9923864672741267
-0.3013423575564176,-0.15087682920659756,-3.4837377866238586
-0.9518970061537714,-2.7307765149799024,-1.971484647393864
-2.7896710213090685,-0.4042682496121746,-2.074681367155913
-2.028753052633785,-2.850163643927635,-0.10357728642054215
-0.9872383381943955,-2.8861578754665094,-1.716232263267945
-2.5818010500517548,-2.004154574390631,-1.252065405600189
-1.722198802403644,-1.1055868948469947,-2.8393148650584763
-1.7169339538137252,-0.42881350102941057,-3.0196451413330787
-0.3184037608522389,-3.2531767670640814,-1.2511834267243318
-3.250551443080647,-0.7056348420403826,-1.0890338771521137
-0.27312690687569935,-0.37922254934300176,-3.468658523234927
-3.4236612712573957,-0.1646902438599596,-0.7081106010148013
-2.2963764243941194,-2.4990967823632757,-0.8550851360352382
-0.1779651751906592,-1.5984098936111693,-3.1086032568382365
-1.0028606281942518,-1.2323994327564616,-3.118567331092818
-0.6302248858284525,-0.30734638798828134,-3.429045755173452
-1.3269852500734074,-3.0661169451841492,-1.0430901325112019
-1.8069874769371164,-2.2513667060085147,-1.9789250145644233
-1.2242450096025586,-2.855342002136591,-1.611907629890073
-0.8063450969133481,-1.5853482355895463,-3.014378635240921
-0.8296334332765765,-0.7209230835540644,-3.3229472270845077
-0.4553852929670361,-0.13106141284862546,-3.467772648402927
-2.9471467664204205,-1.5408084747324517,-1.0909790013425176
-1.2851488328181986,-2.3622874502378965,-2.240087159008452
-3.4214962086113077,-0.6741454469593655,-0.29814696175276234
-0.8473230786114148,-0.12678600387185074,-3.3935186620489772
-2.5807207286614124,-0.7492783703939321,-2.242423341904271
-3.1546760065385047,-1.398917017701336,-0.5839952665526266
-2.4595821716369954,-0.4929591207527656,-2.440788160867736
-0.6234836755864288,-0.5581407855594328,-3.3984918669569204
-0.05485975382789545,-2.9725623043792613,-1.8468523909596564
-2.6738159375892296,-0.25207629984423974,-2.244363132594783
-0.6746977431541821,-2.8658865656267802,-1.892479101164024
-0.05287874137812957,-1.7529925093013932,-3.028897670942924
-0.5784820367244252,-2.2281117284725753,-2.636451527836253
-3.2845708546836336,-0.3499166898569302,-1.1572176159747967
-0.6368710625484882,-1.4462327330122176,-3.1229483075536764
-3.0684180820942397,-0.5476907926167591,-1.5921197408360765
-3.0782794160901212,-1.6645339895329088,-0.05935009827727367
-3.106729014099691,-0.8507876194339532,-1.3690855559712358
-1.1239711610981793,-2.5608136515041466,-2.104500480230311
-3.165742671662199,-1.4900971167212589,-0.08765796915327378
-0.10281211240285884,-0.5564664814936492,-3.453950596710575
-1.2689737465344082,-0.3353040986085747,-3.2445765196806065
-0.17285328305469852,-3.429200743310986,-0.6787517989755837
-1.1430424872883014,-3.2114291636289853,-0.7938366325932631
-1.7145817512700787,-0.9035529115242469,-2.9144127288851327
-0.009762320491913857,-2.022171733894997,-2.8566984747667568
-1.215451270211819,-0.7457003126094891,-3.1963431063505348
-2.7597271672650776,-1.2031664312061012,-1.78502002820076
-3.2832580557915536,-1.096178424581251,-0.5182754099534681
-3.3034308819322837,-0.8039553317567265,-0.8312642376741747
-0.7413319343083399,-0.42144738497591105,-3.3945263388095284
-1.8737036276934969,-1.8439107415845999,-2.3106769338523208
-0.2825760755529432,-2.1407524153909083,-2.7545108200047226
-0.1585058322709335,-3.1716065300325043,-1.4716616186444738
-0.8090726916879498,-3.340726009992469,-0.6595082302174966
-1.4464513703793027,-3.048366855145672,-0.9301816755758636
-0.9225789035098672,-1.855906813208661,-2.820364881976125
-2.137741709286018,-1.3037198124330647,-2.4454805325433258
-2.129582421641701,-0.014916908364299396,-2.777526992718436
-2.8401416168588947,-2.041311734627661,-0.12900386915729017
-2.13557839102978,-0.9063956744690577,-2.62063958168048
-1.1558929232346848,-1.6779478679043647,-2.8457692286289085
-3.069722287862069,-1.0145288993979316,-1.3407222634420919
-2.8042170282017844,-2.0942961972024694,-0.017038108064865765
-1.0972962690247081,-2.4381345638493888,-2.2586369222492144
-3.1896183997145053,-1.273069857527576,-0.6750019274471684
-0.03469664592743809,-3.4257947890094402,-0.7160490251073244
-1.9033183274327259,-1.261004013354708,-2.6527812240669246
-2.9869454522840426,-0.495275325341725,-1.7558072836126761
-2.520518880911404,-2.1275783050917263,-1.1706387686524564
-1.7729757102802077,-3.016924216239455,-0.06874157566088973
-1.7096629214766268,-2.7858333256880985,-1.2514732823410954
-0.8139943022529192,-2.2648451291492857,-2.5412378512977765
-1.6124692866558454,-0.2362600565536275,-3.097438294021184
-3.314443042275223,-1.0556066646841615,-0.3875072760449055
-2.468121297857654,-1.7696888946857476,-1.739706433593721
-2.164178816903424,-0.22203017362188077,-2.7417207462591686
-2.8639783465700894,-1.312424001041878,-1.5248512294210501
-2.2414869617037745,-1.7336912504241169,-2.0542762347636803
-1.274872914319998,-2.0291971279121808,-2.5508935823366268
-1.2178868269028162,-0.5960129844356663,-3.2266887360327585
-2.979229399013397,-1.3341523046395911,-1.262628138479078
-0.3881762397631275,-3.424244067839986,-0.6114505464434788
-0.5273929473978061,-0.4938405418821383,-3.4246135837826452
-0.5301068280052113,-1.0030342609741605,-3.3110283934473097
-0.07202792800845892,-2.849435196773562,-2.0311403292177572
-2.1088058332771653,-1.1499121633297937,-2.545710111965303
-1.745583651797889,-2.671320484044792,-1.4377011463091502
-0.14789281447208336,-1.8171550620646741,-2.987653794508369
-2.6468895356700415,-0.09881396653881318,-2.287839938889366
-0.1199165897363817,-2.2245743480622706,-2.69942382397602
-3.373167542628298,-0.8918520927507667,-0.2762979804758746
-2.829710108289558,-0.1299941312025679,-2.055685342871517
-2.2573368452292657,-1.3163046604637196,-2.3284699714644974
-1.255050554047424,-2.9983391943196946,-1.2980023815816275
-2.444301181433995,-2.492467416636229,-0.25099384742877157
-1.442782700515477,-3.1035038845456997,-0.7325583374059845
-0.11836380336906233,-3.3847150970753357,-0.8830026736552453
-2.569442497156281,-1.406190166317722,-1.9158795551805008
-3.2763188076204393,-0.9649328575725387,-0.7646173233778315
-3.234832802911566,-1.2823936442058945,-0.3759298850951141
-1.5496360848382074,-2.033297967049719,-2.3904659340301824
-2.877662833829727,-1.045007135878373,-1.696177084139019
-0.379717902747532,-3.3212812289126608,-1.0367764044409105
-0.11563345934520859,-0.2206209204594708,-3.4911252215489883
-0.590051208371463,-3.421171914221095,-0.4443222983872671
-0.4359140266543505,-2.9265486626118093,-1.8695699737455724
-2.236254827115075,-2.504854090286025,-0.9873552220867107
-2.431903139869783,-0.8392385328976542,-2.3730836064477976
-1.5420571259135223,-3.1419714633412115,-0.008668562095897892
-3.243788665251818,-0.27933336780879836,-1.2844485060960693
-0.21715498387888424,-0.6029920609294712,-3.440820292812833
-0.6535249716504105,-0.8553949727817859,-3.330346010847668
-3.1611456364206183,-0.42256242640939656,-1.441734809570015
-2.7060999906055065,-1.9629289812159574,-1.036307220638436
-2.9758039332710977,-0.9929826001113352,-1.5519589255532498
-0.6342209286923765,-3.3178840342012625,-0.9161928558993104
-3.481496792995565,-0.16520572654638488,-0.31919766333398575
-2.2711099062018345,-2.3321329243245685,-1.285774403708999
-0.7597127405001127,-2.696009968122269,-2.0986583342000125
-0.38715075825836953,-3.3983520453859835,-0.7425076875028758
-0.26163198833531187,-0.011432421377608174,-3.490188820453867
-0.6808256834521892,-0.703338795767425,-3.3603260150051346
-2.985812269140253,-1.720791353420252,-0.6113936632364058
-3.019897343494372,-0.04364072395748289,-1.768704475588871
-1.2265418640785397,-1.3175555844581102,-3.001606626046456
-0.6871672172083437,-1.6198162090893824,-3.0255572485685085
-1.3928298275754305,-2.8728390071051906,-1.4341621633103636
-2.575387106132944,-2.3152801993200933,-0.5068124428232724
-0.7808049032974327,-0.9347704700682385,-3.2812418184698138
-1.6347472934198972,-2.2626152171302607,-2.1114387667812924
-3.1336370564748806,-1.535559700608726,-0.269026400477505
-0.32582798809877905,-2.7632790117385095,-2.1232346138514573
-1.8049008431808198,-0.8320701388265949,-2.8809707097362613
-0.27139077067239636,-1.726046464536083,-3.0326738452818054
-2.9492680431194556,-0.1916207515935363,-1.8748598607344142
-1.6359927752700805,-0.7834260510122806,-2.993287701150593
-3.0494541604755874,-1.3298589984593143,-1.0873382028490115
-2.1133220474030496,-0.3408734273135556,-2.7690567402116724
-2.4814273789506034,-0.9489455380508064,-2.2786005636810946
-0.8598376152674105,-0.5712792266225001,-3.3442965359849373
-1.600034427880913,-2.6558817755790978,-1.6236322932679734
-1.8792164863793406,-2.8662644666148642,-0.7092766771444652
-2.4458767455203767,-1.3067436650260713,-2.1354409239398033
-2.0203911295896035,-2.20053745485354,-1.8236377363013605
-2.090217705284353,-2.518734486118375,-1.2397445434257086
-0.7092751906610874,-3.424076890069544,-0.15041992821549466
-1.45416633898538,-2.0153822734234996,-2.4644744978457744
-2.397704663920201,-1.2298051855997465,-2.233515513733291
-0.7772698447256223,-2.428330395959479,-2.3977203916510965
-2.8280940225518196,-2.0344867943517255,-0.3357792179619009
-1.0485045836133113,-3.0666345683039475,-1.3215107122627257
-2.91387977242105,-1.8983921502529566,-0.39422318010665824
-2.9020534430549163,-1.9481356165916952,-0.1812551599817226
-2.9057883701417415,-0.44247860326721145,-1.9001596337149413
-1.5151522913285416,-0.9044482763054512,-3.022629128684161
-0.4262301030246217,-0.5515787252028036,-3.4298817485708266
-1.4116874495260239,-1.5255734884008365,-2.8159836782799736
-1.8172277023204788,-0.5343444893086337,-2.9431546756269076
-1.7256333474443493,-2.449100680851995,-1.8094461598064484
-2.644461284305603,-2.291540301429101,-0.07528321682144755
-1.5454893369875542,-2.568798850152997,-1.806304286854906
-2.1075855856685553,-0.6064255259807039,-2.727697028726094
-0.9473669564822027,-1.110154511598477,-3.1812030444696853
-1.3240674587399983,-2.674641177593527,-1.8284255346682607
-2.0677729621014365,-2.749213391873707,-0.645089686124741
-1.4440778455734762,-1.2636075758653462,-2.9271035291119394
-1.3365437428011129,-0.4391719328876706,-3.2048055848901194
-0.8762365486666023,-0.2596104014961388,-3.3785813517238052
-0.9112929819979395,-2.864178384378881,-1.7933285486541741
-1.8129276511160708,-2.498980642865717,-1.6487537955684022
-0.7665581445730679,-2.5579910331902798,-2.2625362947601126
-0.6402993619213899,-0.03738206218370464,-3.4407294733166616
-1.3870884556294285,-3.1057075937386176,-0.8249642164687208
-2.4864451926523023,-1.0460824914540314,-2.230090071053091
-1.3146772343916586,-0.9733895825337803,-3.0942101560797406
-1.5395214414260205,-1.7786425753455533,-2.591583361684067
-3.2218352916794517,-1.0552899396831734,-0.8695633941767943
-2.23622318486723,-2.677678830594501,-0.2816770271930768
-3.4304848053973163,-0.6903498846511126,-0.07204884940328372
-1.0529000289072636,-0.1223165319946157,-3.3356319034221826
-1.974172911023951,-1.3242525013033406,-2.5688512277224356
-2.037181994350884,-1.8799340676825214,-2.1367586253620696
-0.20456578459530866,-2.891728926186723,-1.961136572813808
-1.6380809502401632,-3.024021488894264,-0.6496035984860299
-3.255930449363299,-0.5754842404992737,-1.1479263033164977
-1.346576818657373,-3.230583155809172,-0.007958948211874262
-3.2238449264335656,-0.4136133611105215,-1.2983635383895438
-2.243869467956046,-0.7264496669272973,-2.585985439285355
-1.6956673018645196,-1.8905765026553365,-2.4084087877673546
-2.8410888491151867,-1.8133583085643166,-0.9433693848085727
-2.767966114279212,-0.7071043377950994,-2.021971079336545
-0.1371157186575125,-2.463047461961448,-2.4828605437725058
-2.7129345080541176,-2.0522869840211038,-0.8234710014485787
-1.9894932814470823,-2.0649491906431767,-2.0069632092141125
-2.612615841918294,-1.6142140823434399,-1.6788541803628116
-1.6281565870686474,-1.3804829355938482,-2.7736930242042224
-2.570268067035625,-0.03103996620357238,-2.375449133127256
-0.540515716931478,-3.2760819653331255,-1.1068557792996792
-2.591003225020444,-1.4851343147432943,-1.8251242026518704
-1.2174371980910315,-3.253251134369014,-0.42918961477531253
-2.8946455067089816,-0.23370350154419908,-1.953563427139105
-1.0513091625755446,-0.5440548422865776,-3.293744582275504
-2.455283462526508,-2.2848119909923654,-1.0006084571206397
-2.002743622672064,-2.4778836877771946,-1.448830704980423
-1.3351839649029236,-1.8430713003692283,-2.6590171044243758
-1.823132541846928,-0.14871272542873204,-2.983969212333519
-1.6994174574512948,-3.0300362151239217,-0.4252773687222009
-0.5639679720809738,-1.5814597764525795,-3.07098113018127
-0.40349731681916634,-1.687909365971864,-3.039432823337965
-0.8244796975177936,-2.9357646770818895,-1.7179985416697054
-2.160271088004288,-1.7514921100330894,-2.124971579768682
-1.1523618644608746,-2.2641135462570023,-2.4074575765715576
-0.32586835300161443,-0.4671292597614025,-3.453346213629149
-1.3796977209560037,-3.1982977401776878,-0.34252848635274674
-0.27571207742320436,-3.486349836516053,-0.13909589421501065
-2.8657404509364355,-1.2000945942185037,-1.6116155350436903
-2.478563221077485,-2.3475042326481783,-0.7719768369717361
-0.7161080048604902,-3.3258135123292223,-0.8222857207705193
-3.2596274588561727,-0.07962515339400698,-1.2721983589117827
-1.9946194249590397,-0.7939152148929353,-2.7642706056277437
-0.5025752971377611,-2.808144560129232,-2.0277431297192194
-0.14591695288097653,-3.03757512041385,-1.7325835133420597
-1.97091490814859,-2.3164575775502625,-1.7319118673441791
-2.989824205677364,-1.3945718611401012,-1.1688115944248474
-1.9191235253488315,-1.4798480301722747,-2.5252751735301864
-3.147092165611544,-0.24421212740832088,-1.512009040308009
-0.5261386202885879,-2.0833050943660916,-2.762791710576299
-1.6732790325270126,-1.5288158848035158,-2.666994426255501
-2.6327841550765796,-2.1942572897789567,-0.7097059525110454
-0.9570137878620072,-3.304701841002318,-0.6427054939222963
-2.2435931147616035,-0.9421427006413843,-2.5156822269560366
-2.7595332178161476,-1.085069231025615,-1.8594626061447808
-0.5096368014663778,-2.7148396475470733,-2.1493989901127253
-2.010227685835279,-2.7671655359830045,-0.7428186505259747
-0.5259543478893225,-3.0272058013863163,-1.6761256098483037
-0.4382272680818203,-2.3787921069133358,-2.5296847577507275
-1.545621238492965,-0.30771956775402154,-3.125118182523783
-2.762765983588762,-2.082387917828081,-0.5298911960095687
-1.6001144446914513,-2.9032628614392326,-1.12280831902754
-0.6418455324188195,-1.3533368113441666,-3.1633074127524825
-1.8575971494986716,-2.966226259490166,-0.028889577452604953
-0.5474618234395862,-3.1822508570809203,-1.3503943996047796
-3.2107874375245165,-0.6892929097115463,-1.2106689537838733
-0.4224968931496531,-0.9987661459209084,-3.327756385470725
-3.369869960425589,-0.7495187022606689,-0.5763663459838025
-1.2587265473093743,-1.812009931909566,-2.7170254849301125
-2.5888162003697928,-2.1018155786108923,-1.0632036278208745
-0.8670783665909361,-3.2493583782283557,-0.969456154772965
-3.4986819406692624,-0.007674781194071817,-0.09573805809804928
-1.089030769429733,-0.8826140972067137,-3.207024218593814
-1.3561129392838287,-0.2497556661488339,-3.2169208574557016
-2.5686450969831855,-1.1913616548395765,-2.0573574733434503
-0.4824019299864827,-0.7066824526541264,-3.3938014510362957
-2.1070571067008945,-2.410206299556182,-1.4146433977087474
-0.3622912135191568,-3.129548585699493,-1.5246870912922168
-2.028023659912031,-0.9739481782522222,-2.681146206553494
-2.8185340005053114,-1.7415105415563534,-1.1282761725941122
-1.909001227776908,-2.3924300213275886,-1.6976433386894705
-0.5439036035383114,-2.952835182709377,-1.7985920198343262
-0.9266427762432904,-2.2962582373922253,-2.473566508595328
-3.1221954422525355,-0.3355557936855443,-1.5457354009343118
-2.6345226546763185,-1.3446984789627427,-1.871116346642434
-1.7939342000721463,-1.0384924691820812,-2.820165505296385
-1.2051315466548362,-2.9153842887703685,-1.515979024936762
-3.3209566379539304,-0.8309137919190965,-0.7285803176234966
-0.4253968264573613,-2.871090909947149,-1.9559842859437437
-0.2868927224324324,-0.9343206668698455,-3.3607644156166607
-0.9076718857732542,-3.275733268829415,-0.834088304234618
-0.012303287802600484,-1.1605839487959642,-3.3019529867801594
-3.3988606528775107,-0.8233927836278558,-0.14060791652902127
-0.624998353381031,-2.310833367650963,-2.5533167067995906
-1.3476202098354526,-3.2265530542186838,-0.1525619820110362
-2.6486653607956154,-2.2645957533085803,-0.325849475399569
-1.3729442809595978,-2.835931357932333,-1.523980752659431
-0.14127948320433417,-0.794096826205828,-3.4057965791038294
-2.3012045211226213,-1.7613103741704004,-1.9627133050459848
-0.022160969883675354,-2.214314034550578,-2.7104099778089217
-0.47769994372639707,-3.3107364141472226,-1.0299646400743014
-1.8773003972582665,-2.749034856110593,-1.0809951796113448
-2.8028544539545353,-0.944800064453037,-1.8711920660789376
-3.1458480806248326,-1.0910302475026277,-1.0785605465913413
-3.3416931487212262,-0.26308340259825974,-1.0069131159474185
-2.637664914305275,-0.39700649623299855,-2.2660780308258905
-1.706700517943495,-3.010894715052634,-0.5212354141072189
-3.1983422571755042,-0.0987098559747717,-1.4180490718938261
-1.2692440180775746,-0.8189066533819993,-3.157279131724179
-0.8819216437901604,-3.01862872311483,-1.5362600190724855
-3.0596653947541035,-0.36734352885499355,-1.6593692789588992
-1.098947141572815,-1.4890506389428444,-2.970697455934018
-1.6828346449393363,-1.2998618602921856,-2.7800048025047794
-3.178930715114004,-0.6317878597549141,-1.321076685424079
-1.7107511815350516,-2.8366812295545003,-1.1298539714359523
-2.732840278156234,-2.0955915700565155,-0.624563836284993
-2.3445471409942193,-2.5184847230205754,-0.640572715285164
-0.2858853687022392,-1.250053023621221,-3.2566296986451233
-1.6204733690148694,-0.637798395088881,-3.035997244322802
-1.4397700918566576,-2.5069287673149314,-1.9729090800652498
-2.1755794513341664,-2.1553065256199524,-1.6945523985857078
-2.326737595520403,-0.22261450092685064,-2.6051362623803436
-1.4835057603356392,-2.952654385947927,-1.1537082543665231
-0.985316129147823,-1.364967052074834,-3.068552928073962
-2.38939271806708,-1.384281657124403,-2.1504805817762986
-1.5639844563687404,-2.9583987333513595,-1.0255874193563654
-2.4634331271782006,-0.1326348259807329,-2.482721335723785
-3.3076773611812498,-1.1039991170187484,-0.30075974456510934
-0.38103235094621885,-1.9793015509060248,-2.861324818700841
-0.29557308947407623,-1.421674586463784,-3.184568717892861
-3.3941019885769386,-0.2095979501822366,-0.8283359164116199
-0.9059554863667754,-2.444578053644371,-2.3352264978717243
-1.8179492994288642,-2.9796567470807043,-0.2582750748379277
-0.5249689329423534,-2.637694559799949,-2.2398604931216406
-2.543390609997284,-2.3912327379919636,-0.2513368212839205
-2.072519375244034,-1.9910329297592972,-1.9976114016124837
-1.3172573557445908,-0.09135037902559882,-3.241371340495971
-0.8322949052797562,-3.362618735403136,-0.5000804244930763
-1.7988620250500966,-1.8219655558690198,-2.3863228884749774
-1.5865191458444705,-0.13544570546179335,-3.116827146432873
-0.5501391705405189,-3.4552071009790484,-0.09429094538158297
-2.4230425935452207,-1.0392014280948334,-2.3019393957511807
-0.30494024467428005,-3.3892043930393125,-0.8187215823349345
-3.258939229849559,-1.1834591059470827,-0.47826733183283143
-1.9962203986971465,-2.745675563246341,-0.8522733254169647
-2.149699066457776,-0.1070187702442174,-2.759953062370079
-0.3995967573843257,-2.281685389581922,-2.623782425136719
-0.6511034783020648,-2.382552505967028,-2.4798201178418546
-0.6064651531037064,-2.1449142960765317,-2.698433375230416
-0.8927797721821586,-1.273218846197361,-3.1355793799663614
-2.699991853275972,-2.211205605142227,-0.2657325046564262
-2.932733716244474,-0.6218954019930588,-1.8061890982349456
-0.8321599701289537,-3.086092380753961,-1.426023703017355
-2.5688755364826763,-1.7665059653358206,-1.5907027228535833
-1.226500275324454,-0.9491280565721446,-3.1376508739591507
-3.31107295505283,-0.20037024930431685,-1.1165337655044043
-2.9576442469374293,-0.43254098192922236,-1.8207824712220932
-1.3033084121120195,-3.1916394285067153,-0.6040074017090973
-0.12103972302260219,-3.4969577991819243,-0.08145880057626216
-1.5833041134673178,-1.8449204052131434,-2.5178198471506334
-2.702406590611519,-0.16579073894911578,-2.2179973061070504
-2.8469302271973294,-1.4051601735004342,-1.4732661566323968
-1.8328743846492468,-2.0401803953637114,-2.1744506075030112
-1.6196293787828615,-1.9706252261656823,-2.3965468685971687
