-3.178337697390075E-5,-2.428932797599361E-5,-0.4999439272950501
-3.8743458682934826E-5,-0.49753784281982166,-0.0024234137214954043
-0.4941158311238767,-0.0033240465453471,-0.0025601223307761822
-0.1656635609167624,-0.16576892480524305,-0.16856751427799455
-0.16759826920811,-0.33221317010307383,-1.8856068881617505E-4
-0.0013754441707166001,-0.3302395743749954,-0.16838498145428799
-0.16461955686488466,-1.517129180873999E-4,-0.3352287302170279
-0.3304986659175998,-0.002726900731771096,-0.16677443335062908
-0.3292568117589839,-0.16740559070365868,-0.0033375975373574063
-0.0033414427245001678,-0.16186660010469295,-0.3347919571708069
-0.05618795985694688,-0.3876844797480781,-0.05612756039497502
-0.22118580750669972,-0.0536821711906161,-0.22513202130268417
-0.056661903885596526,-0.22083219362553094,-0.22250590248887253
-0.11249895792930614,-0.27767356244761104,-0.10982747962308281
-0.27477111525183795,-0.11297824777756045,-0.11225063697060161
-0.11217572906551102,-0.10848361063544645,-0.27934066029904253
-0.055564085959124675,-0.053878542104533945,-0.3905573719363414
-0.386734326540586,-0.060146373317173006,-0.05311930014224103
-0.22166744607029143,-0.2202082733631795,-0.058124280566529074
-0.3885606857871958,-0.0013424444885854533,-0.11009686972421873
-0.001353707376321724,-0.21908324780637106,-0.2795630448173072
-0.22300840591614204,-0.2765354454829856,-4.5614860087239695E-4
-0.3323420007983334,-0.05820299597593044,-0.10945500322573615
-0.2210063777352344,-0.11051554327872137,-0.16847807898604422
-0.05485386007910384,-0.33321219499349275,-0.11193394492740344
-0.001618449988175937,-0.2747082033005895,-0.22367334671123457
-0.058861086680529834,-0.16352758365377598,-0.2776113296656942
-0.11026255335247112,-3.0845859870883886E-4,-0.38942898804882004
-0.058081813215561606,-0.10703547127972574,-0.33488271550471266
-0.16490308057678582,-0.1116993784211182,-0.22339754100209597
-0.27635213621619187,-0.056740017619711244,-0.16690784616409687
-7.044368012804515E-4,-0.4399068166472024,-0.05938874655151716
-0.11137106587488366,-0.3351147806054958,-0.05351415351962052
-0.16642439154485303,-0.2778805458065093,-0.055695062648637716
-0.1666408077768719,-0.2223454797031384,-0.1110137125199897
-9.784895070228386E-4,-0.05354779935971776,-0.4454737111332594
-0.11090652269376687,-0.21988159327822562,-0.16921188402800752
-0.21804304309560102,-5.975334714788382E-4,-0.28135942343292014
-0.0022955390536553402,-0.10751746300228524,-0.3901869979440594
-0.27648606690041694,-0.002444626190136439,-0.22106930690944665
-0.220007476916698,-0.16454047815049752,-0.11545204493280448
-0.2777232934686196,-0.22217749221191208,-9.921431946829928E-5
-0.05590296001458056,-4.2381190818102914E-4,-0.4436732280772384
-0.05636111877226841,-0.4408670813390575,-0.002771799888674098
-0.0607291417652067,-0.2750876426845157,-0.1641832155502776
-2.698741785692611E-4,-0.38406542877147576,-0.11566469704995497
-0.16352278509927048,-0.054458575895466696,-0.2820186390052628
-0.3315966844951935,-0.11138652285578343,-0.05701679264902304
-0.439600691425819,-0.05934794477930216,-0.0010513637948788568
-0.27556896468581893,-0.16523060143753987,-0.0592004338766412
-0.44040765499828527,-0.006972734837187327,-0.05261961016452743
-0.10916025689229929,-0.05266619866281665,-0.33817354444488407
-0.11089142030782677,-0.1684738029078091,-0.2206347767843641
-0.38893835207023275,-0.10982551417906337,-0.0012361337507038606
-0.10582804223937639,-0.3884601878569652,-0.005711769903658459
-0.18330205696096527,-0.07324319597997034,-0.2434547470590644
-0.09599212379779512,-0.14576169726650742,-0.25824617893569746
-0.36940950390427657,-0.038394329115923116,-0.09219616697980032
-0.01721532070075268,-0.46060733439260915,-0.022177344906638197
-0.021338898651667552,-0.12521397938552764,-0.3534471219628048
-0.03801345115355551,-0.258971206575042,-0.20301534227140244
-0.24017466557904593,-0.07151289574870322,-0.18831243867225084
-0.13064466472155778,-0.35300364720692357,-0.016351688071518655
-0.24143604490399972,-0.23689428588467737,-0.021669669211322906
-0.0389642485174276,-0.20203491597625603,-0.25900083550631636
-0.12722263707509615,-0.24148874560095782,-0.13128861732394603
-0.20296407897466123,-0.08999445369753768,-0.2070414673278011
-0.019538529049126587,-0.017332276973523162,-0.46312919397735025
-0.2570310626449637,-0.09362254216898845,-0.1493463951860478
-0.350501931773758,-0.1315266343011021,-0.017971433925139946
-0.04217378183757226,-0.14305978032424221,-0.31476643783818553
-0.20206269599021529,-0.036798296174169375,-0.26113900783561533
-0.018178365525320657,-0.23824510360331874,-0.2435765308713606
-0.03735661217052781,-0.4235694108415313,-0.03907397698794085
-0.1277440849726272,-0.07263353345545645,-0.29962238157191634
-0.01987888336414883,-0.0713970774340796,-0.4087240392017716
-0.14993920988074702,-0.20318597726372842,-0.14687481285552456
-0.023244016985866027,-0.18014445641727994,-0.296611526596854
-0.1818586315273688,-0.018664304262872862,-0.29947706420975834
-0.07537553027052864,-0.1850133452183464,-0.23961112451112498
-0.03920810287464545,-0.08956859058122739,-0.37122330654412716
-0.03681475805271028,-0.31138226558776105,-0.15180297635952866
-0.1478436581815237,-0.25790847546758433,-0.09424786635089194
-0.2938274784746004,-0.12972622778273385,-0.07644629374266576
-0.18547434056334355,-0.2424125117331412,-0.07211314770351523
-0.36750577718288696,-0.09598419343255417,-0.036510029384558884
-0.18396602185880348,-0.13033780165010575,-0.18569617649109077
-0.3142958676773453,-0.14680833670274354,-0.03889579561991113
-0.03776366297786497,-0.035739176803965836,-0.4264971602181692
-0.18783205541851555,-0.29451978898401343,-0.017648155597471016
-0.31141261597328845,-0.041788457314993276,-0.1467989267117183
-0.034743818656386,-0.37271081179764914,-0.09254536954596487
-0.09099907434702488,-0.03554442976648268,-0.37345649588649243
-0.24153371164424914,-0.018176264423594587,-0.24029002393215626
-0.2927462756153536,-0.18715942563522167,-0.020094298749424755
-0.13002504006038337,-0.3001095102575727,-0.06986544968204395
-0.07366521345739019,-0.0177736621729394,-0.4085611243696704
-0.1847401835192335,-0.18510065390248925,-0.13015916257827725
-0.23952360610902407,-0.12976448086124165,-0.13071191302973428
-0.3135837745654828,-0.0929810137481149,-0.09343521168640229
-0.346695998695435,-0.02140206039467205,-0.13190194090989293
-0.09307011815527794,-0.08923307817610576,-0.3176968036686163
-0.07810750477678267,-0.29866185415900653,-0.12323064106421078
-0.23923013867544943,-0.1854722297192495,-0.07529763160530106
-0.07774862562469108,-0.12886122917321546,-0.29339014520209344
-0.1465931620426332,-0.034856162007045645,-0.31855067595032116
-0.29409204408646805,-0.01955558011455952,-0.1863523757989724
-0.20331546319226343,-0.14554896508918333,-0.15113557171855324
-0.1304841491245073,-0.12762962703204195,-0.24188622384345076
-0.14982145892532484,-0.3154343319829049,-0.034744209091770284
-0.07254699422916555,-0.241236630608886,-0.18621637516194844
-0.14912482528793233,-0.08925070710067892,-0.26162446761138874
-0.35137551777374904,-0.0734447759257357,-0.07517970630051524
-0.20698908971477076,-0.2547162669745702,-0.038294643310659016
-0.1289756010803057,-0.1845736174664792,-0.1864507814532151
-0.01229843787780674,-0.40612570324932445,-0.08157585887286878
-0.2563870369732999,-0.03737945035636795,-0.20623351267033213
-0.25883621957048986,-0.1469869164246577,-0.09417686400485242
-0.07535791460399881,-0.0715745996135937,-0.3530674857824075
-0.01870971731652663,-0.34696877505173745,-0.1343215076317359
-0.08742492316562268,-0.3241681473269317,-0.08840692950744561
-0.12967448729425704,-0.014535411560087067,-0.3557901011456559
-0.205290809271129,-0.20288489145339803,-0.09182429927547298
-0.4585580003706969,-0.026006856806096504,-0.015435142823206627
-0.40724669572974753,-0.02044257900903893,-0.07231072526121352
-0.07163049456714758,-0.40557819331344436,-0.022791312119408047
-0.08968042517352984,-0.3712589865570005,-0.03906058826946962
-0.15121118754130083,-0.14669583441011427,-0.2020929780485849
-0.0948435010569875,-0.2533741533918837,-0.1517823455511288
-0.2600249896139178,-0.20379039505164043,-0.03618461533444178
-0.42598404100368104,-0.03990900523547253,-0.03410695376084644
-0.2932780207465553,-0.08039681606891609,-0.12632516318452863
-0.09002030019700837,-0.20278005570381127,-0.20719964409918035
-0.02073513172583932,-0.29084741760972516,-0.18841745066443555
-0.40781065917027953,-0.0748406879777702,-0.017348652851950253
-0.06709423523315561,-0.35678308805475384,-0.07612267671209055
-0.47007264336140514,-5.327384178800978E-4,-0.029394618220714763
-0.10815760653766644,-0.3001146676631045,-0.09172772579922905
-0.09268156020653838,-0.27485852318560783,-0.13245991660785378
-0.3684375963963643,-0.001355192195252945,-0.13020721140838276
-3.9633245120607603E-4,-0.18839436010396232,-0.3112093074448316
-0.0597073684465612,-0.29562229150145936,-0.14467034005197943
-0.0887756335615369,-0.3520072907404515,-0.0592170756980116
-0.13022808802648195,-0.1486935033630224,-0.22107840861049566
-0.03385512444635131,-0.4008863993328727,-0.06525847622077602
-8.527944941621344E-5,-0.14420983450681585,-0.35570488604376793
-0.2218735208185962,-0.01848411500448096,-0.2596423641769228
-6.058114261878156E-7,-0.294986084557629,-0.20501330963094483
-0.18568171451760032,-0.11013427443079568,-0.204184011051604
-0.23856162723412136,-0.1650975404289625,-0.09634083233691615
-0.16841875137870618,-0.29587971479464725,-0.03570153382664659
-0.019520425927848993,-0.3659260699408087,-0.11455350413134235
-0.31210448148106806,-0.18736411979191894,-5.313987270130216E-4
-0.14441128251760538,-0.2789381011909712,-0.07665061629142345
-0.03000248252356052,-0.4693732784970742,-6.242389793652547E-4
-0.18706170346084305,-0.27303896109877346,-0.03989933544038349
-0.31238906138786027,-5.272474537855098E-4,-0.18708369115835422
-0.40995575094739417,-5.380521800221834E-4,-0.08950619687258365
-0.0904906626515544,-0.22124541175182552,-0.18826392559662009
-0.037184094490291454,-0.23822838534685267,-0.22458752016285588
-8.954986122806289E-4,-0.08943065337012189,-0.4096738480175975
-0.09415675475366872,-0.16516181324740944,-0.24068143199892184
-4.5477921025617097E-4,-0.018643431933011257,-0.48090178885673257
-0.2216239658409776,-0.08980509352577264,-0.18857094063324975
-0.039756515895767994,-0.12552083749215717,-0.33472264661207485
-0.13015606896077636,-0.08982012877667529,-0.28002380226254836
-0.31008320606804207,-0.023655624432179525,-0.16626116949977843
-0.40509927504488036,-0.04190899293232136,-0.05299173202279828
-0.07244112559059818,-0.1137137710948542,-0.3138451033145476
-0.33257525331875964,-0.09146255329090316,-0.07596219339033722
-0.36770062494137257,-0.07754905559621351,-0.05475031946241393
-0.11216789805742348,-0.3534228397597425,-0.03440926218283402
-0.022633138977783934,-0.15945092688748916,-0.3179159341347269
-0.05679740476859459,-0.18354084475745694,-0.25966175047394846
-0.03997506708152555,-0.2917543410670255,-0.16827059185144894
-0.2964717019723679,-0.16528566476071133,-0.03824263326692079
-0.20466370582676033,-0.2752667724646143,-0.020069521708625415
-0.020481918286215123,-0.19961620714844733,-0.27990187456533755
-0.13039891807099463,-0.2020797420451963,-0.16752133988380907
-0.24743368120281736,-0.2513969190346626,-0.001169399762520007
-0.10879763891567507,-0.20149834380308262,-0.1897040172812423
-0.27600716119520746,-0.07649974294846226,-0.1474930958563303
-0.14683638466360874,-0.22540885307290146,-0.1277547622634898
-0.185129559214817,-0.22164074063920286,-0.09322970014598014
-0.12896087944283294,-0.03307589085018595,-0.3379632297069811
-0.25791050029566553,-0.18674650301408222,-0.05534299669025228
-0.1829519287211915,-0.16787178253158294,-0.14917628874722555
-0.01791248932705251,-0.4420931193915522,-0.03999439128139526
-0.294902969970976,-0.1103024016531285,-0.09479462837589553
-0.12889224958697268,-0.053210486571039516,-0.3178972638419878
-0.09248742292185101,-0.10872723948092612,-0.29878533759722287
-0.36424627136929794,-0.0234238632521202,-0.11232986537858186
-0.018056937462107528,-0.42058903852277174,-0.061354024015120745
-0.05697694509910521,-0.0714919606419754,-0.3715310942589194
-0.3125330266471701,-0.059228235046273135,-0.1282387383065568
-0.38851214976031895,-0.07800848725306853,-0.033479362986612526
-0.16741192858079498,-0.2399336268341026,-0.09265444458510241
-0.019317341055335547,-0.31059873479618916,-0.17008392414847529
-0.040810036790328345,-0.3270126614830506,-0.13217730172662107
-0.1675281799457807,-0.20375220210497938,-0.12871961794923992
-0.0015816657171301694,-0.07117468516288275,-0.4272436491199871
-0.07708232710971691,-0.16373459137148083,-0.25918308151880226
-0.11001616649357704,-0.03275124114357985,-0.3572325923628431
-0.0014418337359606063,-0.2568860515845544,-0.24167211467948496
-0.3882857578067833,-0.03664956078304408,-0.07506468141017258
-0.04260491480745898,-0.16066696452634238,-0.29672812066619864
-0.18551743655195246,-0.0343468262541552,-0.28013573719389234
-0.27542346074702234,-0.021488426191495824,-0.20308811306148183
-0.11386103256413962,-0.12535996727756046,-0.2607790001582999
-0.24099895877451036,-6.848449999627615E-4,-0.2583161962255269
-0.056876237386865855,-0.2016387215093059,-0.24148504110382824
-0.018759128555773854,-0.036079155655215335,-0.4451617157890108
-0.03904036727766006,-0.10767004309016501,-0.35328958963217494
-0.03754935264851226,-0.01715080631896406,-0.4452998410325237
-0.1675387956360997,-0.06992357626999718,-0.26253762809390313
-0.22100361788868994,-0.07146704240433636,-0.20752933970697368
-0.1299680980447779,-0.3187718936918276,-0.05126000826339444
-0.03850381869686319,-0.07193572160505064,-0.38956045969808617
-0.13346140149872093,-0.10827777752461859,-0.2582608209766605
-0.22275879151464725,-0.12724172044050383,-0.14999948804484892
-0.01938614551985799,-0.21801731594273369,-0.26259653853740833
-0.20077661776958627,-0.05574679403457095,-0.24347658819584278
-0.01754361119465446,-8.15571488555225E-4,-0.4816408173167903
-0.16655943564250794,-0.09336796130194851,-0.24007260305554357
-0.003058281683673568,-0.12463041407334456,-0.37231130424298187
-0.34886267829720874,-6.243387847110403E-4,-0.15051298291808024
-0.27406029833063406,-0.0949532327127628,-0.13098646895660315
-0.08655423474922654,-0.4098236846716644,-0.003622080579109066
-0.09185313727032433,-0.0013775024513274614,-0.4067693602783482
-0.3486634812082066,-0.14983095680480643,-0.0015055619869869252
-0.11273419573387683,-0.14888583927152826,-0.2383799649945949
-0.13216985054073838,-0.16575068049134412,-0.2020794689679175
-0.10926690691162569,-0.07090105238592462,-0.3198320407024497
-0.3101174151381793,-0.13175293417560063,-0.05812965068622006
-0.03692492471810888,-0.053784077915318355,-0.40929099736657276
-0.2205970483167282,-0.18171214198628313,-0.09769080969698868
-0.05625170226128681,-0.09019236467510403,-0.35355593306360916
-0.05532771014812132,-0.25905184558704203,-0.18562044426483665
-0.040030616727135995,-0.21950527808860376,-0.24046410518426026
-0.4226593419792808,-0.024434163643124077,-0.05290649437759515
-0.07356414902450631,-0.035806469778145056,-0.39062938119734864
-0.3299010128444001,-0.02041804500082253,-0.1496809421547774
-0.056520652958713904,-0.03514821187652643,-0.40833113516475966
-0.0013970017041117426,-0.0360069661400149,-0.46259603215587336
-0.07408727090113515,-0.05304863619280681,-0.37286409290605804
-0.36994155881212065,-0.1254024924803894,-0.004655948707489921
-0.149101550497907,-0.3351359256780969,-0.015762523823996122
-0.02166574239800196,-0.1062513351990396,-0.3720829224029584
-0.022122223518487093,-0.14209261796536493,-0.335785158516148
-0.16548088284758422,-0.017159323917762023,-0.31735979323465374
-0.18891971731289303,-0.20137652632234188,-0.10970375636476509
-0.01914489156517168,-0.32893467105593804,-0.15192043737889027
-0.24208643557815268,-0.2049008847157655,-0.05301267970608181
-0.018723477246580737,-0.08983110696070003,-0.39144541579271924
-0.020446110361127603,-0.25997258282878905,-0.21958130681008337
-0.020416542669029154,-0.0526653496325658,-0.42691810769840505
-0.1304073185604932,-0.2586814237708778,-0.11091125766862897
-0.2033048133494372,-0.07270766463333418,-0.2239875220172286
-0.39178110738769023,-0.01660780195435813,-0.09161109065795164
-0.33226637232293044,-0.1311671489574358,-0.036566478719633755
-0.03703590073903512,-0.44798113295119735,-0.014982966309767531
-0.09202467791741778,-0.05303495499446645,-0.35494036708811577
-0.25787095211251027,-0.019361964022649777,-0.22276708386483995
-0.1468333431297063,-0.1825150364626641,-0.1706516204076296
-0.05572488026507834,-0.017504451422640496,-0.42677066831228117
-0.07387981321230223,-0.08923777162813969,-0.3368824151595581
-0.1467593984558024,-0.01580305379222744,-0.33743754775197016
-0.10979231122871154,-0.09235633545648024,-0.2978513533148082
-0.04040633200248466,-0.17956088456989816,-0.28003278342761717
-0.15076648566954712,-0.2957056084648015,-0.053527905865651426
-0.18605721945174877,-0.09010706460058339,-0.22383571594766782
-0.2544375252750614,-0.07587908289616821,-0.1696833918287704
-0.2602702560865946,-0.05528388277557921,-0.18444586113782618
-0.1331961367154391,-0.2201726820097167,-0.1466311812748442
-0.4063525002547359,-0.05815354665056889,-0.03549395309469522
-0.20476711117541666,-0.2943079248435627,-9.249639810206545E-4
-0.060969595744914395,-0.14565887906529518,-0.2933715251897904
-0.001638354146734833,-0.4783996106786883,-0.019962035174576842
-0.4425406952544919,-0.022687371914382946,-0.03477193283112512
-0.29419672689946985,-0.041320268938186897,-0.16448300416234324
-0.20572323852410632,-0.23763758764616014,-0.05663917382973355
-0.14877455425539696,-0.050490543656657096,-0.30073490208794595
-0.2571755670498265,-0.16929393314448754,-0.07353049980568593
-0.1463648986909702,-0.13144920499334856,-0.22218589631568125
-0.01590054926352437,-0.38781757562970287,-0.09628187510677277
-0.2577738666756119,-0.12938671122318704,-0.11283942210120101
-0.19916229064780777,-0.0026442789325718456,-0.2981934304196204
-0.22304478092558866,-0.25599485849145714,-0.020960360582954196
-0.29594895626870404,-1.2321241340433779E-5,-0.20403872248995553
-1.9620575800429762E-4,-0.24078467111172316,-0.25901912313027253
-0.0725256784002649,-0.3174609041156865,-0.11001341748404858
-0.038566781284142974,-0.35010513021292333,-0.11132808850293369
-0.16842748172943212,-0.12832884976888298,-0.2032436685016849
-0.315307221602851,-0.07551235616067009,-0.10918042223647889
-0.24018923978830636,-0.11173476821183592,-0.14807599199985771
-0.20051445788209296,-0.11377572704916436,-0.18570981506874268
-0.20262496039682784,-0.018104751927778516,-0.27927028767539364
-0.16667335854372536,-0.3148883293901317,-0.01843831206614288
-0.21953788128655283,-0.03792046561862068,-0.2425416530948265
-0.31229704041449385,-0.1682209317937391,-0.019482027791767054
-0.07579959343270089,-1.9015864043945766E-4,-0.42401024792685965
-0.2373588928174999,-0.14901337629703698,-0.11362773088546313
-0.22153406254338565,-0.20348565506721283,-0.07498028238940152
-0.20445604480579987,-0.21988751059774247,-0.07565644459645765
-0.07601077094742367,-0.25582696978906727,-0.16816225926350908
-0.09394028054763615,-0.18460824373933393,-0.22145147571302992
-0.27906631527924786,-0.18245721054389252,-0.03847647417685962
-0.0030620937035101855,-0.36583575492089876,-0.13110215137559106
-0.40877999983271973,-0.09088976306122121,-3.302371060590614E-4
-0.20298280857184794,-0.12917464322778158,-0.16784254820037048
-0.1115806785033725,-0.31466302320775474,-0.07375629828887276
-0.31101504126852864,-0.1142202320504498,-0.07476472668102158
-0.18474668397900085,-0.0521033066017878,-0.26315000941921135
-0.18570923870661138,-0.14587449591711504,-0.16841626537627358
-0.25860259132342395,-0.22151198236740977,-0.019885426309166288
-0.29236166784011547,-0.14940545068797415,-0.058232881471910414
-0.166523675363753,-0.03585105301769442,-0.29762527161855257
-0.16526218691791872,-0.18232787223936614,-0.15240994084271514
-0.035250441782256496,-5.629612823693299E-4,-0.4641865969353742
-0.23705683863805813,-0.05502393143381941,-0.20791922992812245
-0.05308498211035065,-0.2389768468726712,-0.20793817101697815
-0.1857948154964397,-0.3117649581917353,-0.0024402263118250556
-0.21947890805674594,-0.14576243298089744,-0.13475865896235661
-0.08914880637095908,-0.3878431548208241,-0.023008038808216835
-0.14660357283352696,-0.24224107071857784,-0.1111553564478952
-0.2004007847282055,-0.16837358048165474,-0.13122563479013977
-0.35040306573522967,-0.04511031390312819,-0.10448662036164214
-0.1482988551884299,-0.07144052711966499,-0.28026061769190513
-0.23703506671521682,-0.2233633829544632,-0.03960155033031998
-0.18200042742097797,-0.0015524241444974374,-0.3164471484345246
-0.27627634378199933,-0.1283113156974914,-0.09541234052050923
-0.05054972824111067,-0.42831875723413715,-0.021131514524752204
-0.12828281608173986,-0.2790706549847273,-0.09264652893353287
-0.07380424082016974,-0.20310339389278664,-0.22309236528704363
-0.148250417769742,-0.11299288024821455,-0.23875670198204346
-0.053662275502568,-0.4048931316032367,-0.041444592894195276
-0.07303745402796628,-0.2246451009080069,-0.20231744506402682
-0.3335066940504131,-0.14660380336630519,-0.019889502583281704
-0.4277359129362834,-0.0015873785644188994,-0.07067670849929775
-0.3281971785139925,-0.040116306288108826,-0.1316865151978987
-0.29637599461732267,-0.058549086436459126,-0.1450749189462182
-0.17122544377576954,-0.2599987418201427,-0.06877581440408775
-0.09107224527672436,-0.23913404166754426,-0.16979371305573138
-0.06852126966997593,-0.3371257652407812,-0.0943529650892429
-0.049557136087319625,-0.3748111489638099,-0.07563171494887044
-0.261363552832706,-8.938279233155652E-4,-0.23774261924397844
-0.05907913323248597,-0.31326525057197224,-0.12765561619554178
-0.16610807358335652,-0.14955998839949206,-0.18433193801715142
-0.09576446796846921,-0.017285099599202276,-0.3869504324323285
-0.07517779419952879,-0.2777100606028237,-0.14711214519764748
-0.11157359825381931,-0.23856998528635917,-0.1498564164598215
-0.052816234556222454,-0.3531050765507283,-0.09407868889304921
-0.0743457877302797,-0.3688713842002,-0.05678282806952034
-0.24190917288021238,-0.034958654166589415,-0.2231321729531982
-0.09640814978653253,-0.12963116213798861,-0.27396068807547885
-0.0026026849148597718,-0.309347394385504,-0.18804992069963622
-0.3474068108281984,-0.09313332963367592,-0.05945985953812566
-0.07563946693606716,-0.14754650141729925,-0.2768140316466336
-0.040663742256271646,-0.2754608975741869,-0.18387536016954142
-0.36718480875136433,-0.05807614704657084,-0.07473904420206484
-0.2784743499917488,-0.20379175647836079,-0.01773389352989041
-0.27497042626570095,-0.14586977113114694,-0.07915980260315209
-0.09399647960870203,-0.07026910102347636,-0.3357344193678216
-0.11770791025563747,-0.3702461234817058,-0.012045966262656693
-0.14713130262117446,-1.025433509932382E-5,-0.3528584430437262
-0.09045538623828918,-0.30716055303448153,-0.10238406072722928
-0.3456163986998602,-0.11397760172590421,-0.040405999574235574
-0.11515162304936402,-0.012865369999327659,-0.3719830069513083
-0.4223493253287674,-0.05873965951168602,-0.018911015159546574
-0.29589933011258096,-0.09434201364960416,-0.10975865623781489
-0.389091678156442,-0.0943621894787521,-0.016546132364805843
-0.0550916463548309,-0.1261921170643804,-0.3187162365807887
-0.12578468967236192,-0.3369779115404762,-0.03723739878716187
-0.2348562360720974,-0.09326439243164038,-0.1718793714962622
-0.2601176454996659,-0.11116916367812855,-0.12871319082220556
-0.07097672097001897,-0.3907187175734621,-0.03830456145651895
-0.4753483103510449,-0.013630577104665748,-0.011021112544289335
-4.087397413737656E-4,-0.20442133268437976,-0.2951699275742465
-0.003983810960503903,-0.343889928075798,-0.15212626096369813
-0.11479731201921624,-0.2582198284362535,-0.12698285954453026
-0.11335227903650125,-0.18217857107804059,-0.20446914988545817
-0.09863894258973599,-0.33109484182971893,-0.07026621558054508
-0.003400201937732676,-0.45747664620652845,-0.03912315185573889
-0.33342238931638024,-0.07264240379181502,-0.09393520689180473
-0.20559157616629203,-0.18220913771336322,-0.11219928612034474
-0.07084092059381271,-0.4231538467155072,-0.006005232690680096
-0.2968889288497921,-0.20129957207163407,-0.0018114990785738083
-0.44651982858921374,-0.04252407684525823,-0.01095609456552804
-0.022600970144539673,-0.2734162630259843,-0.20398276682947603
-0.36111079489610765,-0.11500332998989177,-0.023885875114000588
-0.27058549982586083,-0.037816336720823934,-0.1915981634533152
-0.1862551099804874,-0.2583129372064283,-0.05543195281308433
-0.42441170552582536,-0.0722513972387751,-0.0033368972353995385
-0.08125026338376101,-0.3425717411078722,-0.07617799550836679
-0.1456197003195448,-0.16890451683636648,-0.18547578284408872
-0.35396569997592775,-0.05692698326947145,-0.08910731675460082
-0.47004140533334554,-0.02981353878235367,-1.450558843008043E-4
-0.0949281076774322,-0.29179607983949307,-0.11327581248307472
-0.13633401548690138,-0.36289927847093023,-7.667060421683858E-4
-0.1299165291860483,-7.674424466155949E-4,-0.3693160283673361
-0.2220449201311588,-0.23474352450193622,-0.04321155536690496
-0.008742766075797572,-0.1723206491659501,-0.3189365847582523
-0.15630241266692876,-0.26453438214931063,-0.07916320518376063
-0.013983745116315057,-0.47970504223655225,-0.006311212647132691
-0.4564727003904044,-0.0023497335127647297,-0.041177566096830875
-0.10341078417925362,-0.37510284435185093,-0.021486371468895427
-0.26418912472514183,-0.23317332209026584,-0.002637553184592356
-0.002840672155763895,-0.4265019601616079,-0.0706573676826282
-0.37465519655255497,-0.1042935210228739,-0.02105128242457116
-0.03360843716542229,-0.3856531782878964,-0.08073838454668131
-0.2838336552063093,-0.03537436884588055,-0.1807919759478101
-0.06255605478389106,-0.13278683113634362,-0.3046571140797653
-0.3493924595364108,-0.03360701192086099,-0.11700052854272824
-0.3798239031944633,-0.016528800230168197,-0.10364729657536853
-0.0353976128520309,-0.412045712083816,-0.05255667506415307
-0.07967813421914186,-0.09850885323542727,-0.3218130125454309
-0.03437900158589207,-0.43668534320689245,-0.02893565520721547
-0.049581509275412404,-0.30916039195770817,-0.14125809876687945
-0.2678737202200652,-0.0706964656731389,-0.16142981410679585
-0.2342960698044062,-0.26058563178832417,-0.005118298407269628
-0.20864795574708964,-0.09932335853028859,-0.19202868572262177
-0.004046434873612895,-0.39922895979810086,-0.09672460532828625
-0.03240078073183059,-0.3427741778789119,-0.12482504138925749
-0.10039663441721121,-0.31378037065745273,-0.08582299492533607
-0.14521016444309467,-0.34823812323490966,-0.00655171232199564
-0.16331805208952244,-0.08308301008408743,-0.25359893782639015
-0.1961393171200605,-0.15941589442030657,-0.14444478845963293
-0.09719787389746541,-0.11726278383779822,-0.2855393422647364
-0.35873596166609734,-0.1372612231783419,-0.004002815155560724
-0.15293731977639885,-0.09838003983945859,-0.24868264038414256
-0.2294835404366635,-7.917473529904536E-4,-0.26972471221034605
-0.10701630883370036,-0.25176073931593435,-0.14122295185036532
-0.32486166987257903,-0.12459356158217189,-0.050544768545249086
-0.027103926779227433,-0.2238851435286641,-0.24901092969210847
-0.1095884385687106,-0.13830864053886563,-0.25210292089242375
-0.044383731314511066,-0.38780376623982116,-0.06781250244566778
-0.052303945347807544,-0.2891893126793389,-0.15850674197285358
-0.1376098141515301,-0.32534892529516024,-0.037041260553309696
-0.006264678946525802,-0.2277700209030958,-0.2659653001503784
-0.1544254883744115,-0.2115573665450559,-0.13401714508053258
-0.14568273086007225,-0.19433939077490867,-0.1599778783650191
-0.3358294978725481,-0.045601187931882996,-0.11856931419556888
-0.2495064498416575,-0.0518214411944646,-0.19867210896387788
-0.35995156480347656,-0.09039399291314654,-0.0496544422833769
-0.046028050556883957,-0.45272799549105813,-0.0012439539520578968
-0.02297624317940707,-0.24626150358596097,-0.23076225323463195
-0.11905927221282778,-0.38071955245899214,-2.211753281801121E-4
-0.4580478982542075,-0.012677779893818145,-0.029274321851974372
-0.09965658523496702,-0.3571227019673453,-0.04322071279768769
-0.1028405426016389,-0.025343047268446377,-0.37181641012991473
-0.010533911474142565,-0.1901591280182896,-0.29930696050756783
-0.3213777172246809,-0.10253191661542901,-0.07609036615989012
-0.10129248389702122,-0.19186782491473836,-0.20683969118824042
-0.08298618747978942,-0.023530859791198403,-0.3934829527290122
-0.3178277858451503,-0.010128855604355405,-0.1720433585504943
-0.059000798685259925,-0.4128047272314384,-0.02819447408330167
-0.013199540335895819,-0.13773204189338217,-0.349068417770722
-0.28235422165387875,-0.09917683790711962,-0.11846894043900164
-0.12089803940350861,-0.2216675993599556,-0.15743436123653576
-0.12108793561724603,-0.11217445091825272,-0.26673761346450126
-0.1626421317526482,-0.19438342256131375,-0.14297444568603807
-0.14110678391689754,-0.30807498944272016,-0.05081822664038227
-0.08584116424763352,-0.26553494607056205,-0.14862388968180446
-0.18096164916857482,-0.288619828206605,-0.0304185226248202
-0.13563490182052643,-0.059123491980409434,-0.30524160619906415
-0.12653855484046808,-0.14004590194559433,-0.2334155432139376
-0.1305881667419005,-0.28888289537400164,-0.08052893788409787
-0.23563896725225406,-0.19870600936784708,-0.06565502337989887
-0.2617152643963818,-0.1562058861206115,-0.0820788494830067
-0.2463308968845567,-0.1525571137996782,-0.1011119893157651
-0.07671656470151415,-0.288505326568211,-0.13477810873027485
-0.23402620384193604,-0.17750369107533218,-0.08847010508273179
-0.10291245889589454,-0.21404971310656487,-0.1830378279975406
-0.3250446432739223,-0.15926959308186034,-0.015685763644217365
-0.12352459226327023,-0.04607882489446724,-0.33039658284226253
-0.040439766744916075,-0.24711854712539785,-0.21244168612968606
-0.057277659212968485,-0.24710908579589821,-0.1956132549911333
-0.10560676208196164,-0.084227217221346,-0.31016602069669236
-0.06251544677896188,-0.3713971151573214,-0.06608743806371675
-0.24526717331487455,-0.09598471464690125,-0.1587481120382242
-0.22948659728385273,-0.04106741814325704,-0.22944598457289023
-0.15875271607712418,-0.12458875035827296,-0.21665853356460285
-0.17918178771270882,-0.15832081788476987,-0.1624973944025213
-0.10341626327149135,-0.23394456662886898,-0.16263917009963968
-0.11657204074116576,-0.03912023831197772,-0.3443077209468565
-0.03890621139330008,-0.19128579403229712,-0.2698079945744028
-0.40122042200457686,-0.0336219150654703,-0.06515766292995284
-0.3847518171293748,-0.048712158997110525,-0.0665360238735147
-0.22869024278967365,-0.024032815598425693,-0.24727694161190067
-0.011249941047732899,-0.2832302597324878,-0.2055197992197793
-0.2963675150627475,-0.0296888702816493,-0.1739436146556032
-0.2833404964385432,-0.06424773732224628,-0.15241176623921054
-0.24937602915402263,-0.16480862459345003,-0.08581534625252735
-0.09366279656633207,-0.3975503715966285,-0.008786831837039433
-0.3746003055381774,-0.06450412675183353,-0.06089556770998905
-0.18067663657589683,-0.2138870128992597,-0.10543635052484346
-0.28401061710638464,-0.008401754048306983,-0.20758762884530835
-0.02951331204953024,-0.14688992098163642,-0.3235967669688333
-0.0878438613415381,-0.14177966192379043,-0.27037647673467147
-0.22391983866683654,-0.19027334741995347,-0.08580681391320999
-0.008237545223325052,-0.058584379040131127,-0.4331780757365438
-0.119123320977448,-0.29927704078941925,-0.08159963823313277
-0.08603503099135208,-0.08261311955845722,-0.3313518494501907
-0.4464389220893072,-0.031140894856666886,-0.022420183054025933
-0.17532828592338953,-0.281568515605113,-0.04310319847149752
-0.038137839534487517,-0.36087251811464854,-0.10098964235086394
-0.28858052088359326,-0.12245261277453762,-0.08896686634186912
-0.10461489904484389,-0.27064724508173915,-0.12473785587341696
-0.04365963368850845,-0.023190954314909747,-0.4331494119965818
-0.06347962719087014,-0.18897428258118348,-0.24754609022794638
-0.2156511483951273,-0.012575593419770506,-0.2717732581851022
-0.22735605562665445,-0.24153591468004693,-0.031108029693298622
-0.15405129262258457,-0.1557197354833165,-0.19022897189409893
-0.30722510583941204,-0.10613483134187654,-0.08664006281871145
-0.186843702473106,-0.06145701583462543,-0.2516992816922686
-0.15473260565550326,-0.22979329022214726,-0.11547410412234949
-0.19604554305822602,-0.2321532464152269,-0.07180121052654709
-0.08072030710449149,-0.17191162645934313,-0.24736806643616538
-0.01623200022507951,-0.4318488621275066,-0.05191913764741385
-0.13869413667700703,-0.15374180942145627,-0.2075640539015367
-0.15961286388068582,-0.029171541925224795,-0.3112155941940894
-0.025810373870952596,-0.07790085500211551,-0.3962887711269319
-0.11815843723074758,-0.09563956498490363,-0.2862019977843488
-0.2272348176053832,-0.07725868997004401,-0.1955064924245728
-0.19344177816567448,-0.24640999329740448,-0.06014822853692103
-0.06389661095130887,-0.005138516080002447,-0.4309648729686887
-0.028098087726340277,-0.29916238461632055,-0.1727395276573392
-0.43542073584971414,-0.04418770179895359,-0.02039156235133227
-0.049293251986914914,-0.048146046528925186,-0.4025607014841599
-0.006028352552207801,-0.1503949667980502,-0.343576680649742
-0.42491526818449077,-0.013097964425979637,-0.06198676738952957
-0.3196629404273839,-0.11713194464834883,-0.06320511492426722
-0.15020342967437764,-0.28512297095325106,-0.06467359937237133
-0.0976773720063907,-0.2628463770800726,-0.13947625091353671
-0.04618001638221515,-0.1128984126312255,-0.34092157098655934
-0.11495800036732563,-0.0589638576543046,-0.32607814197836976
-0.028718929891135895,-0.16821860280273992,-0.3030624673061242
-0.15461247390651695,-0.24602070638735657,-0.09936681970612649
-0.1907576753320362,-0.02110822230235098,-0.2881341023656128
-0.02731076459298711,-0.20578224351576405,-0.26690699189124883
-0.0975671119657665,-0.04111527515527191,-0.3613176128789616
-0.015233466977005786,-0.11815429832876423,-0.36661223469423
-0.2864870075715442,-0.16386766602368183,-0.04964532640477398
-0.08916100296616654,-0.15826578204123276,-0.2525732149926007
-0.028885187828036334,-0.27927711498992985,-0.1918376971820338
-0.27859514658533685,-0.19301139314832375,-0.028393460266339376
-0.014451730529702379,-0.10164972732514173,-0.3838985421451559
-0.06257832694588111,-0.07831676034897417,-0.3591049127051447
-0.287952701015608,-0.14206116259147034,-0.06998613639292167
-0.3176378945841332,-0.1749123475108337,-0.00744975790503305
-0.230665058125937,-0.1434274953899287,-0.12590744648413432
-0.204483096499908,-0.19297404992833136,-0.10254285357176063
-0.2876192373698505,-0.10574962685189492,-0.10663113577825456
-0.10067396071934408,-0.3447104736589307,-0.054615565621725204
-0.005532049819209958,-0.00635056336862744,-0.4881173868121626
-0.3036590184605463,-0.14772032939961918,-0.04862065213983452
-0.17863795714377725,-0.04638375612168191,-0.27497828673454083
-0.008006172526757114,-0.07655896462954959,-0.4154348628436933
-0.18093437713379448,-0.10187700444187317,-0.21718861842433235
-0.15605804840246687,-0.30364748191230484,-0.04029446968522832
-0.07143762742586024,-0.3802431642748312,-0.04831920829930858
-0.2673476358361898,-0.18906639813882947,-0.043585966024980716
-0.3050581770837312,-0.1798754049572125,-0.015066417959056333
-0.35826313426277534,-0.01735706706693518,-0.12437979867028948
-0.01292946030006271,-0.08382508177457874,-0.40324545792535854
-0.34162361283306236,-0.014413990847829993,-0.14396239631910762
-0.029616315153382144,-0.32831010946314065,-0.1420735753834772
-0.22173608053021668,-0.09996155113741402,-0.1783023683323693
-0.07864923522931903,-0.2128927181781964,-0.20845804659248457
-0.027179016459899147,-0.09268739609769436,-0.3801335874424065
-0.021385901256360095,-0.37507438258513603,-0.10353971615850388
-0.12203746015360674,-0.06656706579300224,-0.311395474053391
-0.13438111661640162,-0.09721375085534295,-0.26840513252825543
-0.06880770354779456,-0.175043291426037,-0.25614900502616844
-0.24922222542644779,-0.2130478365523621,-0.037729938021190124
-0.25100281063129204,-0.12207577425393881,-0.12692141511476912
-0.19692795880104946,-0.2141152646607561,-0.08895677653819445
-0.1604702819493927,-0.32726693033246795,-0.012262787718139379
-0.29132399005572374,-0.17779783012057854,-0.030878179823697727
-0.16530361202413793,-0.13965248612048495,-0.19504390185537712
-0.0880760518444101,-0.2864617265656903,-0.12546222158989961
-0.3176713785616148,-0.15483056378045576,-0.027498057657929398
-0.136772074622068,-0.0745203061955748,-0.2887076191823572
-0.012622250299031024,-0.012647489942130663,-0.4747302597588383
-0.4854747926225004,-8.68923980285006E-4,-0.013656283397214641
-0.19644530213288477,-0.048528585935604746,-0.2550261119315105
-0.3183729337187986,-0.02719128154363465,-0.15443578473756675
-0.1714991840407623,-0.116720133329973,-0.2117806826292647
-0.04932085346559655,-0.030708057578018595,-0.41997108895638485
-0.10748788688704922,-0.12009952399655524,-0.27241258911639554
-0.044131541643679356,-0.005568249367326614,-0.45030020898899403
-0.37595238948201065,-0.11378214909325424,-0.010265461424735112
-0.04809376383045238,-0.148789857995268,-0.3031163781742796
-0.33524410673244465,-0.0999920977472911,-0.06476379552026423
-0.33418529260972113,-0.028506997508009755,-0.1373077098822691
-0.117158224667159,-0.18980375563670446,-0.19303801969613654
-0.08814629363797845,-0.06449248047232857,-0.347361225889693
-0.245966006009609,-0.22530469851355633,-0.02872929547683467
-0.30630085647490385,-0.015445915328305995,-0.17825322819679018
-0.3803727306154382,-0.07168159211705119,-0.047945677267510645
-0.11890575735684884,-0.32151755214290073,-0.05957669050025044
-0.37673369929965006,-0.08542276944010002,-0.03784353126024992
-0.24987798067699984,-0.006901665919542102,-0.24322035340345804
-0.139651188971946,-0.2719655521966044,-0.0883832588314496
-0.27209885887386404,-0.21527956450073946,-0.01262157662539648
-0.3603813733581663,-0.03475085818785869,-0.10486776845397505
-0.07657771297938286,-0.32601219935589654,-0.09741008766472059
-0.0064499973439392675,-0.3168369887992542,-0.17671301385680654
-0.15342858623771566,-0.02344592553050111,-0.3231254882317832
-0.2693308173781749,-0.1598663585619478,-0.07080282405987731
-0.06715571359271608,-0.25271069625510356,-0.18013359015218033
-0.19612777875371776,-0.1803479111512277,-0.12352431009505455
-0.13493528752302336,-0.04174449741783605,-0.3233202150591406
-0.02447677434556317,-0.024608661756538138,-0.4509145638978987
-0.20274309441367022,-0.2664052756148856,-0.030851629971444194
-0.06870394936921943,-0.19673436795138308,-0.23456168267939748
-0.013291763798834788,-0.21092280650355544,-0.2757854296976098
-0.4169968283358333,-0.035867935364215106,-0.04713523629995159
-0.01639977978762375,-0.15352333174109972,-0.33007688847127653
-0.024768097083435376,-0.06000224974314665,-0.415229653173418
-0.3951682051950889,-0.0827392405793508,-0.022092554225560335
-0.1607254277835625,-0.2513400567032204,-0.08793451551321707
-0.13532366684548083,-0.24657230090638885,-0.11810403224813032
-0.24275668596692843,-0.08220155325650129,-0.1750417607765703
-0.12515123816922888,-0.12091459100606754,-0.2539341708247036
-0.15919427365726777,-0.011556330865326222,-0.329249395477406
-0.022510284282868328,-0.40600590313501883,-0.07148381258211284
-0.006520313209098731,-0.024631259986630856,-0.4688484268042704
-0.11988201562387614,-0.15790233022732564,-0.22221565414879824
-0.03420322420213744,-0.1011453191220414,-0.36465145667582116
-0.017150170366159977,-0.17475309418429305,-0.30809673544954697
-0.28019381201210175,-0.08358896123987034,-0.1362172267480279
-0.2872156169457152,-0.07232134539289442,-0.1404630376613904
-0.11112838682346889,-0.36376344317398646,-0.025108170002544672
-0.027502097778920317,-0.18838963245124057,-0.2841082697698391
-0.04378063004868292,-0.0782835149898506,-0.3779358549614665
-0.051340333652337235,-0.19488054188033513,-0.25377912446732764
-0.02867160511383271,-0.12913922530505834,-0.34218916958110895
-0.03390290470550895,-0.06476788975458364,-0.4013292055399074
-0.08629011702828585,-0.04715848730028229,-0.36655139567143186
-0.19203311050875224,-0.1510384901583184,-0.15692839933292935
-0.15627954706635963,-0.07488680149267887,-0.2688336514409615
-0.1777903850293329,-0.08456498312816267,-0.23764463184250445
-0.06711691414632596,-0.012958903342108327,-0.4199241825115657
-0.20929153795096792,-0.28192881347589954,-0.008779648573132515
-0.034735025306180146,-0.15414991271711073,-0.31111506197670913
-0.0834916587052915,-0.10625255565804771,-0.3102557856366608
-0.08629203091678707,-0.36357732231712464,-0.050130646766088305
-0.07751174467364144,-0.060696005030874946,-0.3617922502954836
-0.3243385773712028,-0.05125791472180423,-0.12440350790699295
-0.09987208122817255,-0.17194095182249974,-0.22818696694932772
-0.04395795828160225,-0.33486576866038464,-0.1211762730580131
-0.006288911512417783,-0.09636084278760687,-0.39735024569997535
-0.13443359971862281,-0.22929555283681327,-0.13627084744456391
-0.23321804431419443,-0.10751780362489996,-0.1592641520609056
-0.13846135258918643,-0.33728916266254483,-0.024249484748268768
-0.2644734026586005,-0.024771401050170824,-0.21075519629122869
-0.25133846120445863,-0.06698384169386704,-0.1816776971016743
-0.05025467321506577,-0.011682829642330639,-0.4380624971426036
-0.0506908547150651,-0.06652181460352144,-0.38278733068141346
-0.013921727407498164,-0.04730201160354889,-0.43877626098895295
-0.25068141654752407,-0.1413999156509179,-0.10791866780155801
-0.006702653320828655,-0.04235428341792462,-0.4509430632612467
-0.34022552044036847,-0.07869445918341134,-0.0810800203762202
-0.30727277661070546,-0.08810669506203798,-0.10462052832725655
-0.1342630547188497,-0.021108924934926398,-0.3446280203462239
-0.17723814665273105,-0.3065285075558277,-0.0162333457914412
-0.2518233282464471,-0.23523908363338722,-0.01293758812016571
-0.012520634458335969,-0.030039022768122967,-0.45744034277354106
-0.189416282500019,-0.11852303319730026,-0.19206068430268075
-0.024019942434937047,-0.00548059776561538,-0.4704994597994476
-0.08582978457526388,-0.13150688174202543,-0.2826633336827107
-0.0698872510778729,-0.15933987769882407,-0.270772871223303
-0.16359073330778456,-0.28866098535462853,-0.047748281337586906
-0.17402346452076048,-0.226695628430476,-0.09928090704876352
-0.26197663582230557,-0.10069811740309939,-0.137325246774595
-0.17863918076627539,-0.02952307415895228,-0.29183774507477234
-0.29073379632119645,-0.05222922490678489,-0.15703697877201866
-0.02249667105980828,-0.4486117689319944,-0.028891560008197315
-0.09843136693987638,-0.006583386904325619,-0.394985246155798
-0.11539495477490691,-0.20882552166718021,-0.17577952355791288
-0.025296296162183648,-0.04157891173416118,-0.4331247921036552
-0.41680533972441225,-0.010574102788611626,-0.0726205574869761
-0.20847747817438772,-0.04330707341079271,-0.24821544841481957
-0.3581671877509274,-0.0028979054348911943,-0.1389349068141814
-0.2069812397882612,-0.02572289534800639,-0.2672958648637324
-0.014190301622023933,-0.27135018203749217,-0.21445951634048388
-0.20992950934577795,-0.1587529040361992,-0.13131758661802284
-0.08329970271122014,-0.19347963538665455,-0.2232206619021253
-0.02406954296800219,-0.3169037681878049,-0.1590266888441929
-0.06131664901692413,-0.26520132955481285,-0.17348202142826302
-0.05631060476473972,-0.1741992149631814,-0.2694901802720789
-0.1421506610395566,-0.026796753880583883,-0.3310525850798595
-0.18049806844485947,-0.2326296839720252,-0.08687224758311535
-0.062451516941830966,-0.04299366894511344,-0.3945548141130556
-0.03051291771540325,-0.012257078576119865,-0.4572300037084769
-0.21372637531926297,-0.12184200364987345,-0.16443162103086356
-0.3444035501615407,-0.056977838809689464,-0.09861861102876984
-0.2211930914108522,-0.2680035261693811,-0.010803382419766694
-0.12082465086267333,-0.024585557016904045,-0.35458979212042263
-0.39996392600927594,-0.053571236294877825,-0.04646483769584625
-0.09500035535562762,-0.22826947702740363,-0.17673016761696875
-0.032446830489427377,-0.03004803364166374,-0.4375051358689089
-0.05026909055884737,-0.10201989789540362,-0.347711011545749
-0.1176652847633881,-0.0813518454527606,-0.3009828697838513
-0.08292114007526451,-0.23306733647100034,-0.18401152345373517
-0.17307623410627657,-0.19202089880021792,-0.13490286709350552
-0.15919704249909777,-0.21888305017624815,-0.12191990732465408
-0.3394892450833514,-0.03451942486820001,-0.1259913300484486
-0.21260157754190126,-0.05207760881492371,-0.23532081364317503
-0.10534143798845082,-0.17971905615432116,-0.21493950585722804
-0.21626454409659893,-0.06528545324713732,-0.21845000265626374
-0.34280762554308214,-0.10621280742255355,-0.05097956703436429
-0.024567673372307745,-0.3550146915620491,-0.12041763506564312
-0.007190699773275594,-0.24597772573137952,-0.24683157449534487
-0.04280237398467356,-0.13328725409774067,-0.32391037191758576
-0.318086162948547,-0.1360417737863802,-0.04587206326507276
-0.2649873525054558,-0.06299851944205823,-0.17201412805248595
-0.14170492293059195,-0.1238138440328696,-0.23448123303653845
-0.10571718485829797,-0.29210291517150166,-0.10217989997020038
-0.13642406850658978,-0.1904079573631901,-0.17316797413022011
-0.1910303839661288,-0.03975939409245528,-0.2692102219414159
-0.06891058797997052,-0.10505957713706926,-0.3260298348829602
-0.23115997460312904,-0.1618699882864667,-0.10697003711040426
-0.07044043666091869,-0.3454724499483505,-0.08408711339073077
-0.2003818185800364,-0.25021888556031485,-0.04939929585964875
-0.3381752959071196,-0.1574386746330149,-0.0043860294598654925
-0.12191277416487609,-0.23059280595235473,-0.14749441988276918
-1.3799485856243199E-4,-0.28547744042398815,-0.21438456471744943
-0.25274629588354247,-0.19792309059975527,-0.04933061351670226
-0.19646535523153633,-0.0687924484196463,-0.23474219634881738
-0.23492272497163572,-0.2476734860862778,-0.017403788942086496
-0.009639724659670161,-0.26437862596259626,-0.22598164937773357
-0.1624932019588738,-0.3082677455881037,-0.029239052453022496
-0.06479948847222453,-0.30241994018040796,-0.13278057134736748
-0.06857764754275368,-0.08317361536201913,-0.3482487370952272
-0.17818567949137762,-0.2000460712111556,-0.12176824929746677
-0.0941379074733163,-0.21056069126821708,-0.19530140125846662
-0.08168962818037262,-0.30576125500828283,-0.11254911681134455
-0.07922497517593013,-0.04100785991087574,-0.3797671649131941
-0.15277593416411017,-0.0588518691741257,-0.2883721966617641
-0.46007748322501685,-0.03840801794295074,-0.0015144988320324182
-0.2328217297436257,-0.12565143573047338,-0.14152683452590092
-0.006313815268364516,-0.3552456338264643,-0.1384405509051712
-0.060035924746060794,-0.024274850265715072,-0.41568922498822414
-0.27962863606235056,-0.02805226439730378,-0.19231909954034565
-0.12233757431747619,-0.3105249166077479,-0.06713750907477595
-0.08382680155047847,-0.15275651197084403,-0.2634166864786775
-0.04915850765792188,-0.23130700686117403,-0.2195344854809041
-0.06226948876898333,-0.20746983070153988,-0.2302606805294768
-0.2929451581407032,-0.010789279518022533,-0.19626556234127424
-0.06141741569949851,-0.09644947796242462,-0.34213310633807686
-0.04548825066465184,-0.09523953225857762,-0.35927221707677054
-0.21364690354184157,-0.08197983693602522,-0.2043732595221332
-0.3658925512865965,-0.04940583366755614,-0.08470161504584739
-0.2099502452381146,-0.20901759735357847,-0.08103215740830694
-0.1441139912382985,-0.21396713469147233,-0.14191887407022918
-0.3076158919298605,-0.07278567471104595,-0.11959843335909354
-0.04788621647897748,-0.397773479065043,-0.05434030445597954
-0.19396821905292613,-0.2815319330709023,-0.0244998478761716
-0.36141605979837393,-0.07179261714523168,-0.0667913230563944
-0.10229431019076776,-0.15185872592397923,-0.245846963885253
-0.04872113533118946,-0.29979966119507256,-0.151479203473738
-0.15519693356409686,-0.1688650445584643,-0.17593802187743884
-0.0647090155602121,-0.1527761859617321,-0.28251479847805583
-0.37786434870235147,-0.005922966696745198,-0.11621268460090334
-0.30453439324681963,-0.12499602813845757,-0.0704695786147228
-0.2456627013116128,-0.04260861141983321,-0.21172868726855398
-0.2995712539515549,-0.13869356967471427,-0.06173517637373077
-0.3429631301681206,-0.12617886347639065,-0.030858006355488743
-0.280556533074135,-0.1347286333502093,-0.08471483357565573
-0.10485445071361735,-0.15971249430634568,-0.23543305498003697
-0.07705142166716618,-0.11982537179291301,-0.3031232065399208
-0.06747404079517431,-0.028445435572664223,-0.40408052363216146
-0.03219692537609617,-0.046457433237479945,-0.4213456413864239
-0.1942692339443627,-0.30120701824147916,-0.004523747814158152
-0.053050702741957785,-0.1573498717095264,-0.2895994255485158
-0.417883327177624,-0.052522075473659655,-0.029594597348716334
-0.00886352512094465,-0.3714633222729438,-0.11967315260611155
-0.05114588389050963,-0.32443116838694824,-0.12442294772254214
-0.027967753586884636,-0.42386179807143753,-0.04817044834167783
-0.06356016269942504,-0.056917281722411464,-0.3795225555781635
-0.17669417963183345,-0.14518433957820978,-0.17812148078995677
-0.3978178193179238,-0.10030792076648813,-0.001874259915588039
-0.1925658730347344,-0.09706035097035325,-0.21037377599491236
-0.050626100277514165,-0.36507147613964547,-0.08430242358284035
-0.1758784326003715,-0.01379464122368158,-0.3103269261759469
-0.2126338457717954,-0.030863478820963523,-0.2565026754072411
-0.3799962250715856,-0.03335445792233523,-0.0866493170060792
-0.36086123220399896,-0.12451702078615111,-0.014621747009849917
-0.15410007723565725,-0.004461689016008257,-0.3414382337483345
-0.19243571808206406,-0.13501175654332376,-0.1725525253746122
-0.028544754799509412,-0.11388553185792094,-0.35756971334256965
-0.2668351804416923,-0.17742710162469572,-0.055737717933611985
-0.1414689747563177,-0.2946019922425283,-0.06392903300115399
-0.08694552036914709,-0.11981165456761457,-0.29324282506323834
-0.012094834553462467,-0.06551402188390512,-0.4223911435626324
-0.19448216963242426,-0.12483935465911718,-0.18067847570845857
-0.08000491036087547,-0.07810316200498497,-0.34189192763413956
-0.26803163726078305,-0.12630874726064686,-0.10565961547857006
-0.26383494895758974,-0.11789158909849513,-0.11827346194391514
-0.3837044594934904,-0.08880812638546477,-0.02748741412104483
-0.25068928086771897,-0.10615770116070518,-0.14315301797157587
-0.25244850589820167,-0.17982254992573768,-0.06772894417606062
-0.43001552487402667,-0.02945119634593908,-0.040533278780034265
-0.16359834183535776,-0.27048872267906876,-0.06591293548557348
-0.32190762908741605,-0.06427205389216431,-0.11382031702041967
-0.11657254811450117,-0.28405122593642795,-0.09937622594907086
-0.3000507380733387,-0.19103226683233349,-0.008916995094327806
-0.06881637582422219,-0.21360106024349268,-0.21758256393228514
-0.07541773469313716,-0.2684748843423679,-0.15610738096449495
-0.3721448780692393,-0.02823266848677862,-0.09962245344398207
-0.23504649190359625,-0.21540406907548085,-0.0495494390209229
-0.0861157276576259,-0.1824599041035743,-0.2314243682387998
-0.044747369790322226,-0.042219041472276016,-0.41303358873740176
-0.12131755011658356,-0.2676684992195629,-0.1110139506638535
-0.04829905238184352,-0.16969688119270765,-0.28200406642544884
-0.011719353738424499,-0.25329748468620167,-0.23498316157537386
-0.024562029236569954,-0.39465157618580643,-0.0807863945776236
-0.2736517417188783,-0.01266839307055161,-0.21367986521057009
-0.1445569425387865,-0.14303480286921208,-0.2124082545920014
-0.2631968163471629,-0.008906754808777239,-0.22789642884405986
-0.3149456390224142,-0.048557570509948404,-0.1364967904676374
-0.03304743927042244,-0.30467129597907244,-0.16228126475050514
-0.081455519082208,-0.006587023967885857,-0.41195745694990615
-0.10202990451067576,-0.2807075649950514,-0.11726253049427282
-0.13270838597169737,-0.2113682107669071,-0.15592340326139553
-0.07156400440338288,-0.1392170786981368,-0.28921891689848034
-0.17487936889308486,-0.24304279076148966,-0.08207784034542548
-0.12371431581090325,-0.19498863391686028,-0.18129705027223647
-0.23314504898103505,-0.0477111858887097,-0.21914376513025524
-0.2173449072069886,-0.17474680647934607,-0.10790828631366534
-0.3051070097675831,-0.03774932413372657,-0.15714366609869035
-0.413172470022728,-0.02550300338413207,-0.061324526593139916
-0.32199551403063487,-0.0338532348259652,-0.14415125114339994
-0.1560374676009147,-0.18209216083357044,-0.16187037156551487
-0.12829551296010597,-0.15930012282326558,-0.21240436421662845
-0.14278065723885158,-0.10805184365038713,-0.2491674991107613
-0.0449835030123758,-0.26460246009538974,-0.19041403689223446
-0.12287577429932234,-0.35092055700946795,-0.026203668691209714
-0.2808576875917645,-0.045483558475622694,-0.17365875393261282
-0.059424688317049126,-0.2281323839264352,-0.2124429277565157
-0.32304598027024783,-0.0927424519091324,-0.08421156782061978
-0.26546018914059766,-0.13679289519973045,-0.09774691565967192
-0.16173371169672707,-0.2352515615910571,-0.10301472671221584
-0.10649122807821201,-0.10251404546832768,-0.2909947264534603
-0.3445382651446554,-0.14364855501636653,-0.01181317983897806
-0.17449666796925295,-0.05814430619592103,-0.267359025834826
-0.003085346286718369,-0.44745361644711346,-0.049461037266168184
-0.2532835941501644,-0.08636375009373434,-0.1603526557561013
-0.17983636396920552,-0.2702419360934103,-0.04992169993738421
-0.010340123743508109,-0.20312459835522892,-0.286535277901263
-0.0029879950957451334,-0.13363397693516196,-0.3633780279690929
-0.17911295511099037,-0.18040788780334951,-0.1404791570856601
-0.08777565981245479,-0.011620673372726147,-0.40060366681481907
-0.1767292730324355,-0.0693359964543261,-0.2539347305132384
-0.3763952361954669,-0.047684499761379284,-0.07592026404315383
-0.07699318671641717,-0.35891778911573574,-0.06408902416784712
-0.23435112231136876,-0.06705376957047783,-0.1985951081181534
-0.10303780462641163,-0.0459497536380061,-0.35101244173558227
-0.17816255207760903,-0.12068400507898477,-0.2011534428434062
-0.17719635967993957,-0.32090215537691763,-0.001901484943142795
-0.19567001415075413,-0.10715776343331757,-0.1971722224159283
-0.1320818641893184,-0.2666468355147745,-0.10127130029590709
-0.1573823584914867,-0.13651443905493924,-0.20610320245357405
-0.21019196897286055,-0.22739870039078944,-0.06240933063635001
-0.39576870935745184,-0.004061259881254616,-0.10017003076129355
-0.014001140821472859,-0.3234017329343976,-0.16259712624412953
-0.19872179236294046,-0.28704256395159145,-0.014235643685468091
-0.050236036819582976,-0.2141294719530807,-0.23563449122733632
-0.10475147160530196,-0.06396761994105526,-0.3312809084536428
-0.13916649622503027,-0.17975587359688236,-0.18107763017808737
-0.43450705040030774,-0.05347464274294183,-0.012018306856750427
-0.11902369363752911,-0.13691653961979705,-0.24405976674267382
-0.3904975446262431,-0.02690717819731255,-0.08259527717644438
-0.19542015429863976,-0.19134407479491147,-0.11323577090644876
-0.10117385340767196,-0.3669802754203434,-0.031845871171984674
-0.062404114896375915,-0.3221257763252327,-0.11547010877839137
-0.06701230030559766,-0.06533730582622724,-0.3676503938681751
-0.1709527700825277,-0.04157889981764159,-0.2874683300998307
-0.07952121380613766,-0.24415740732751542,-0.1763213788663469
-0.08504103019470168,-0.2553150317092216,-0.15964393809607674
-0.10183414167178856,-0.13436126022316697,-0.2638045981050445
-0.2329544483729929,-0.02989387427060281,-0.2371516773564043
-0.0036013593808514204,-0.46878682095244284,-0.027611819666705728
-0.013897786248067444,-0.30073073467638023,-0.18537147907555235
-0.17099293112936156,-0.15527494531610367,-0.17373212355453477
-0.08122286998108819,-0.39809455689326523,-0.020682573125646586
-0.17283454425947253,-0.21227325427790494,-0.11489220146262252
-0.2709347771849924,-0.10484872239444487,-0.1242165004205627
-0.04683631010665669,-0.2060355941809963,-0.247128095712347
-0.043513046640693796,-0.41318813902856505,-0.043298814330741175
-0.05459013675890714,-0.34359486367095654,-0.10181499957013634
-0.1604838194189266,-0.04761587697993037,-0.29190030360114305
-0.03289295098205828,-0.13672676107848405,-0.3303802879394577
-0.0973299305243726,-0.09864679358551522,-0.3040232758901122
-0.28817513397703426,-0.2012279537993849,-0.010596912223580834
-0.15610082987353846,-0.32156646512139775,-0.02233270500506379
-0.09815224693215086,-0.06014234049673527,-0.34170541257111386
-0.014368496780187832,-0.23205764964084122,-0.25357385357897094
-0.19419958121395497,-0.08087217102559845,-0.22492824776044656
-0.0857770724480172,-0.03051795438814002,-0.3837049731638428
-0.4127143821124927,-0.0809125519905892,-0.006373065896918162
-0.2670246033621954,-0.08909282912956024,-0.14388256750824435
-0.048579133878301574,-0.42075737294385185,-0.030663493177846557
-0.3026628679807623,-0.065516577243627,-0.13182055477561072
-0.1402266470628538,-0.009743538563461192,-0.350029814373685
-0.15124844037196677,-0.040821615899362965,-0.3079299437286703
-0.1691615111029992,-0.0060396683781306975,-0.3247988205188701
-0.1717743257070976,-0.025837613027761098,-0.3023880612651413
-0.21876596247071625,-0.2133295432862902,-0.06790449424299355
-0.20828889212498553,-0.16977719035909894,-0.12193391751591554
-0.1388686978879278,-0.04844451720552076,-0.31268678490655144
-0.04027863225241364,-0.317812959692231,-0.14190840805535537
-0.3568555145323386,-0.08368042170136042,-0.05946406376630098
-0.034670265310610425,-0.11768470465017354,-0.34764503003921604
-0.1160049007244629,-0.3434748307246477,-0.040520268550889416
-0.24524375310228308,-0.13401677517938476,-0.12073947171833216
-0.32734197344703114,-0.08278035566900575,-0.08987767088396309
-0.013878039932727152,-0.3417897896690899,-0.14433217039818297
-0.16310642077831544,-0.06333013921215626,-0.2735634400095283
-0.12411779802991069,-0.3292632741112538,-0.046618927858835535
-0.2128140676548338,-0.13226751596305797,-0.15491841638210824
-0.20916639359160547,-0.1137230946869892,-0.17711051172140535
-0.050881629899340634,-0.11816423470381539,-0.330954135396844
-0.14006772997968042,-0.08482869332378751,-0.27510357669653207
-0.23328292121443245,-0.08113372828586114,-0.18558335049970642
-0.007726150957865699,-0.11202143009682337,-0.3802524189453109
-0.1362792276081595,-0.1366503132708989,-0.2270704591209416
-0.050504921768434664,-0.08532606844269404,-0.3641690097888713
-0.27869293772807974,-0.1519780613227516,-0.06932900094916866
-0.06625334017699182,-0.4154487587426718,-0.01829790108033641
-0.1951357521105521,-0.26410531742524856,-0.04075893046419937
-0.3929142581991508,-0.050392851974544114,-0.05669288982630505
-0.2310384720951182,-0.010808151720339684,-0.2581533761845421
-0.12389530982356967,-0.08486649690814885,-0.2912381932682815
-0.33939990695242445,-0.0019092978351854999,-0.15869079521239005
-0.17252388152283746,-0.17295585396241545,-0.1545202645147471
-0.1906130046305934,-0.1738865317871592,-0.13550046358224738
-0.2544899082723514,-0.029069360725541497,-0.2164407310021071
-0.13775135288325357,-0.23710476557614396,-0.12514388154060246
-0.00963846344827197,-0.3818548156145358,-0.10850672093719221
-0.4194270524786355,-0.0010591534133597886,-0.07951379410800474
-0.04832300237838509,-0.1830902074657862,-0.2685867901558287
-0.30167978571643994,-0.11633200783454728,-0.08198820644901278
-0.2234926576529627,-0.1353686731443732,-0.1411386692026641
-0.09960092684678885,-0.0744631884297922,-0.32593588472341894
-0.1818190615021538,-0.25293440081668994,-0.06524653768115624
-0.06835469150519995,-0.2871875264622787,-0.14445778203252135
-0.1251690746374802,-0.2508236086606321,-0.1240073167018877
-0.11366158175781835,-0.0220094499388521,-0.36432896830332956
-0.035441646793533364,-0.21428747872900858,-0.25027087447745805
-0.196291974210178,-0.027717577984586645,-0.27599044780523535
-0.24436647644141013,-0.06158911876056938,-0.1940444047980205
-0.2701797585879428,-0.04648477965516629,-0.18333546175689092
-0.08051867281034299,-0.3882516684973226,-0.031229658692334406
-0.05969410957823584,-0.4312634922145421,-0.00904239820722208
-0.06832379574631409,-0.3119266143269915,-0.11974958992669443
-0.14187795121132812,-0.2542066941867475,-0.10391535460192436
-0.10819160519447796,-0.3278092288189074,-0.06399916598661465
-0.03166621250735877,-0.25508703740435174,-0.21324675008828947
-0.22637714068579887,-0.11760131737594144,-0.15602154193825968
-0.11678828774452037,-0.24897049216046466,-0.134241220095015
-0.2265590836215394,-0.05802499641155261,-0.215415919966908
-0.12012020332663391,-0.003155388109042603,-0.3767244085643235
-0.190771781683837,-7.47601946198791E-4,-0.3084806163699642
-0.4480455822707238,-0.010681797447778061,-0.04127262028149814
-0.35706280218739983,-0.09987344702513572,-0.04306375078746444
-0.03752452775020629,-0.17036409818759254,-0.29211137406220117
-0.3177516244632154,-0.083328216408438,-0.09892015912834656
-0.2124740681579279,-0.24052024462198757,-0.047005687220084524
-4.581669512118505E-4,-0.17131770679515626,-0.3282241262536319
-0.0459932866012189,-0.05947109074835258,-0.3945356226504285
-0.10501227517691988,-0.010382484087432836,-0.3846052407356473
-0.19068648688108514,-0.22571469480237027,-0.08359881831654459
-0.059924720441420005,-0.11648336095649313,-0.32359191860208686
-0.14149398057887516,-0.1631059700922707,-0.19540004932885413
-0.19125790964233044,-0.012281784625567352,-0.2964603057321022
-0.412481208546474,-0.045495003775213344,-0.04202378767831266
-0.007946571141145093,-0.29571129513259103,-0.19634213372626386
-0.25929557728346797,-0.04745573863380627,-0.19324868408272577
-0.03058586774640197,-0.2299325901994479,-0.23948154205415012
-0.2190182587643804,-0.24979388176427042,-0.031187859471349166
-0.29058443224426417,-0.09004440949545486,-0.11937115826028094
-0.2865985438986558,-0.17289128099719223,-0.040510175104152
-0.24714335487246786,-0.11635994800009548,-0.13649669712743667
-0.06969744210434967,-0.04643899242149804,-0.3838635654741523
-0.3985983134150872,-0.09161657928020676,-0.009785107304705998
-0.02932459012694065,-0.2902903367887088,-0.18038507308435053
-0.20035359070227524,-0.011145238536039572,-0.2885011707616852
-0.051227124479754055,-0.13593104052177665,-0.3128418349984693
-0.20995131887309051,-2.263295669017997E-4,-0.2898223515600077
-0.06226427905695546,-0.23756487383086342,-0.20017084711218114
-0.21399271135929662,-0.14171819631297342,-0.14428909232772996
-0.1346179172941599,-0.11697696592065936,-0.24840511678518074
-0.2773283055280913,-0.17517893689993372,-0.04749275757197502
-0.324632504990217,-0.07244344158139131,-0.10292405342839167
-0.229247271520245,-0.2080082970817287,-0.06274443139802632
-0.20535918492205213,-0.1526127007214722,-0.14202811435647567
-0.06602711560762194,-0.3303976427404349,-0.10357524165194315
