0.181364142,0.748535334,1.42503969,2.91917124,6.0451523
0.975009648,3.94859235,8.98122477,15.0127387,0.00189093691
0.0183367995,0.746354765,8.96519226,15.9755777,0.298934901
0.0897244523,3.99547765,8.9839548,0.583792322,0.349552437
0.982396606,0.559051544,8.95341498,0.0809785426,0.350450957
0.993574472,0.0245818067,2.57945844,15.9253907,0.252380923
0.192419538,3.98072514,0.106548276,15.5677867,0.316055042
0.976615286,3.89244423,0.697771152,0.781777002,0.384973111
0.0940692542,0.0878188536,8.93581295,2.14796253,2.07278404
0.994050173,0.00500492938,0.265158238,2.69245561,2.29211301
0.944487292,3.99165501,8.42811274,0.517067991,0.065651479
0.0731330519,0.588812806,0.397867981,15.9415999,2.00018207
0.0580704827,3.96241184,0.575660351,0.219589807,2.6203153
0.0249893181,3.98187818,7.70992804,13.7965318,0.0960038763
0.995707232,3.40576411,1.524006,15.9447481,0.0520057572
0.603109672,1.85699893,5.80716967,9.06771807,0.253599198
0.00934548444,0.278227676,0.388232484,0.0415316075,19.4823841
0.972517383,0.398642615,8.96945569,15.3630736,0.0501098727
0.54814109,2.42922908,0.11965039,7.04728502,0.992425971
0.0153301484,2.61521679,4.38429325,6.78521572,1.0518591
0.507749773,3.00173031,4.68287478,0.135787577,0.692948408
0.190099663,0.0201256089,5.06499478,9.54191748,1.65799316
0.57131063,0.071056109,5.04005221,0.279974461,2.41714926
0.951505742,3.82805537,4.7848777,7.89252589,0.0624245378
0.560302747,0.0330893509,0.29862222,10.5664766,1.99510152
0.540606416,3.88814038,8.94458748,8.3231933,0.0503786695
0.990564184,1.64894806,4.20743085,2.29396718,0.4373051
0.511569159,3.77141305,4.81299346,15.9663619,0.0552207315
0.6311062,0.00761296414,8.88994875,7.76648317,0.362014204
0.560805959,1.86304006,0.2570335,15.932506,0.405315498
0.00562981516,2.48121384,3.96209195,15.7855573,0.403782536
0.437888556,2.37186723,8.93839164,15.1970026,0.0569321252
0.431276189,1.83565857,8.80569966,2.47854883,0.428615432
0.986526395,2.19646439,8.94827828,6.60099371,0.0611609831
0.999132484,1.6786163,1.13452568,10.618769,0.293460727
0.978673521,2.26349798,5.87378882,15.5889089,0.0356009821
0.535320008,0.493494947,4.88153216,15.8418163,0.304098963
0.959066469,0.12056029,5.07779973,8.14230598,0.395994794
0.00674721413,1.60171131,8.91458665,7.92504391,0.558955172
0.111522315,1.42216971,5.4143609,0.290875189,2.83651981
0.0400784142,2.39162695,0.166889941,10.5230884,1.79698563
0.622321597,1.43633149,0.952640767,0.0593317598,2.81316515
0.392157262,3.94843487,3.02574908,6.69293861,0.342134437
0.00767660188,0.0825911314,0.245576029,9.59346544,6.7366474
0.88462923,3.85387184,0.0538567915,9.19305695,0.185962815
0.0246899314,3.85471044,4.76643025,0.699120455,1.09223703
0.512816863,3.65205955,0.371112895,0.523435556,1.23724988
0.00767470198,3.95486479,3.17799541,11.6780326,0.382415948
0.29055646,1.52968098,3.03341947,11.8773307,0.743247747
0.439579837,0.073297225,8.78953527,15.5010301,0.196055727
0.218634646,2.37001408,1.85980559,1.33799217,2.75482839
0.691273961,0.965854979,2.53040845,6.35535084,0.988619191
0.994913077,2.01630787,0.194508538,3.74222513,0.740045554
0.06980119,0.594399249,4.65341769,15.984179,0.770640518
0.00339207519,0.0424308758,2.55539315,0.875774034,12.344313
0.941681646,3.37371404,4.52652228,0.462024689,0.234619841
0.00118125742,3.41357407,8.86368782,7.11323406,0.25116193
0.705995665,2.67658414,3.03664872,12.3644423,0.165134826
0.534055927,3.51186612,8.85117186,1.14752223,0.171538184
0.290399237,2.95988754,6.3673621,11.1196667,0.184341861
0.572024765,0.0809165556,8.92023879,0.806071222,0.944429301
0.862290854,2.08956644,7.52204673,0.069964014,0.283767306
0.201346458,0.119711721,8.98852746,9.21078664,0.667222634
0.0168097629,2.08674219,8.7210326,0.701983139,1.11512946
0.996785233,3.8776617,8.68540803,8.27168575,0.0169032719
0.602840662,3.77201268,0.488317462,14.4917159,0.158161273
0.0514663216,3.9778683,0.0730922995,7.93293955,1.11852626
0.359612866,0.0537871979,0.00323060341,0.527558342,11.0858867
0.28564647,3.44088052,6.47745409,4.57046572,0.330099407
0.718973951,3.18076557,7.0357003,12.4711133,0.0449277577
0.00598459831,2.33257504,8.07460761,14.0980772,0.211273279
0.28882786,1.31939875,7.0533596,12.1152867,0.32449241
0.021805238,1.92253951,0.273643691,0.230254822,8.36232766
0.555483352,0.0347694494,0.832806118,3.50654032,4.32987497
0.0230265218,0.02700717,4.29639022,4.32068242,5.27631156
0.971976322,0.024182735,5.48826192,0.387635909,0.986721694
0.963763227,3.87423845,5.23280728,15.6301045,0.0148468294
0.328160236,1.55636441,4.08759158,5.60293076,1.18403513
0.440173326,3.97237815,8.45915221,15.9487124,0.0211886021
0.968585277,0.0509682689,1.40331503,9.80573985,0.746632455
0.680626953,1.18878768,8.89759453,12.2155722,0.0980024859
0.767585865,3.26250856,2.20799334,4.87830597,0.342365342
0.0232807486,1.11816975,2.42764089,7.75175017,3.01119877
0.726647929,3.08698165,6.52619075,4.77841482,0.152805405
0.993880996,0.631631205,8.60774625,7.80654486,0.130647389
0.973017935,2.04974513,4.64941401,8.35781181,0.152084084
0.529130241,0.367851945,5.59718201,6.82313362,0.878810447
0.487923356,2.11140849,5.49573934,15.8063104,0.125679199
0.299120505,1.27327978,0.0297418214,8.65918503,2.43973709
0.32669136,2.80674331,2.10340346,15.8258404,0.268760711
0.852340219,1.12821216,4.1890609,13.4160401,0.182228858
0.292736176,0.0676449705,2.04529406,7.56836015,3.30960898
0.390349457,2.41327883,8.9488614,8.02411957,0.163693717
0.431429821,0.164024169,1.69695759,15.5842965,0.94208019
0.953207723,2.24882261,8.91368492,12.9820477,0.0244807728
0.627677565,1.50735778,4.86499143,1.61949547,0.920868661
0.00767528359,3.99396533,5.79427193,7.6947913,0.344152173
0.000610608142,1.04996418,6.1829665,5.54304005,1.86197913
0.875365919,1.10002778,0.375366648,15.621794,0.318650407
0.316227059,3.31269298,0.969592215,10.5535249,0.538097594
0.732868676,1.29537804,7.69194738,4.55046771,0.301250563
0.777891028,0.0580060277,6.54144353,12.5179145,0.242193098
0.0472423658,0.00976796821,0.383043918,5.01180044,11.1060677
0.274414597,0.344541028,6.07739103,3.0417627,2.14568252
0.653855535,1.39990971,0.635448617,10.6398395,0.762935733
0.520198878,3.9301798,5.69687276,9.49406865,0.0981749308
0.371050277,0.968019892,3.39823018,0.0971948579,3.39846441
0.788902101,0.310415303,2.58751254,0.574724995,2.30648652
0.0804725481,2.00846125,0.468549762,15.850404,0.960711027
0.675434248,0.0936181657,3.24115128,10.7192195,0.779321221
0.0129517224,2.7183918,0.0247700368,4.10668228,3.71737585
0.854799,2.42714157,2.17892207,0.254626244,0.79413694
0.575532297,3.88529002,0.156042078,6.39857615,0.48374853
0.0199508756,1.25746188,4.86422903,10.8396268,1.1131313
0.255111621,2.64407984,6.86231932,0.00145344436,0.862540901
0.0151857128,0.90510306,0.151037679,0.871596516,13.3717958
0.0697322628,3.96056254,2.64280913,4.78751805,0.908961607
0.517026759,2.67492231,3.19338452,7.49100095,0.441695337
0.0747314371,0.0450505708,2.6211213,12.774662,2.37355955
0.172758183,2.18713055,6.98192044,5.57650449,0.617569103
0.154512672,3.5779328,5.21245655,15.5684218,0.129244688
0.248561973,2.32431197,1.60027209,6.70748737,1.43339208
0.702563145,3.91511605,3.049953,9.88452032,0.119472412
0.989276251,3.06379008,2.51981213,9.74665749,0.117856148
0.298859297,3.71281679,2.95165267,0.75795687,1.00613197
0.00287513808,1.28978254,3.09407228,0.12948256,6.44633845
0.97260073,2.00185342,2.58855293,15.6605628,0.0959902057
0.676801122,3.98583713,4.42058473,3.14245102,0.214190772
0.545167733,2.5363701,1.73774133,2.16614382,1.21761218
0.0121974289,0.00874701515,6.77493825,13.1328079,1.0358619
0.983003214,1.34010168,6.94998013,11.2285361,0.0855737351
0.856618454,0.745404117,0.0157433599,6.39760063,1.38268137
0.447270745,1.11762392,8.78661722,8.31214598,0.285150446
0.276486387,3.62683461,0.470844141,4.40438988,1.21013487
0.804408329,2.76314082,0.242440879,11.9179613,0.260139547
0.410858351,1.18522084,0.0151213934,3.81379291,3.75304285
0.254477678,0.0253042914,2.90075785,0.0662348345,7.71854064
0.756489592,1.28226137,6.6754157,15.4874037,0.0865753516
0.0189828938,0.181984129,5.8663079,0.0655488968,5.91219941
0.785573849,0.55871311,5.15530552,3.94631178,0.754833386
0.716998207,2.35544577,8.9483686,9.29952583,0.0702034317
0.309925297,3.65786361,3.85592553,11.6272396,0.206024237
0.553538814,1.30738619,2.78932614,14.5856232,0.365194569
0.129330338,2.61993439,2.78386043,11.2750925,0.677225821
0.391238689,2.19456214,0.0132461395,11.7828744,0.864147815
0.466178121,0.222704917,6.75347624,11.8670335,0.437070076
0.125403237,2.60879392,4.49872263,1.83317634,1.5367973
0.287135267,3.52971862,8.95699299,10.988807,0.0750226898
3.87099572e-05,2.602393,5.44311498,11.43726,0.477729933
0.801750453,0.0794607848,7.86917393,3.92224784,0.506910502
0.229265191,1.04027624,8.8261213,4.65911153,0.730057294
0.0123954974,1.32450037,1.97477842,12.6238533,1.66583308
0.9571436,2.8499461,6.84922084,8.63039727,0.0574262691
0.997395115,0.87875803,2.89398891,5.81619866,0.548665576
0.168723434,2.93900903,8.83089685,3.34822365,0.371190765
0.979567742,2.38012556,6.23325287,4.05504547,0.153306999
0.75557673,3.91241293,8.82933713,4.74513743,0.0522163595
0.487687159,2.23233138,6.28522061,4.80507865,0.410696597
0.281433412,0.205390962,0.0132688461,12.4613267,2.69102422
0.169895061,1.70515454,5.69761537,15.6827647,0.29291377
0.987997119,1.07030563,1.40995656,0.248779573,1.43017142
0.735045754,3.65593389,2.8820133,15.9957231,0.0575671164
0.442317611,0.12837101,3.44600866,3.6756591,2.83544571
0.830518932,2.12679199,2.23428221,6.36628431,0.442057459
0.975490697,0.288590184,5.25423608,15.9034953,0.122734851
0.818171078,0.00524889678,0.490968411,13.6997069,0.777198687
0.388825761,3.97828305,6.75737109,0.241512969,0.331406958
0.0121016624,1.57055652,0.77287282,4.7528613,5.16678264
0.349986649,0.902457886,8.12179738,0.0862443746,1.2787017
0.193061311,3.12583967,8.9715982,15.3795183,0.0625478842
0.773828924,2.97090688,0.0718198931,1.91456646,0.924768638
0.986331272,1.07878079,6.90470835,2.5479248,0.309608097
0.728961248,2.60676875,8.91539064,15.9476148,0.0213065496
0.300350552,3.96691651,8.92304404,4.624232,0.137358691
0.720290831,3.71196591,6.77503812,0.116720773,0.194011013
0.575214234,2.5024909,7.57024258,0.119278088,0.406539369
0.0593800266,0.000425700098,7.0981685,6.96526349,1.91138895
0.050501735,3.13063878,1.45329134,15.0533276,0.512753468
0.33184374,1.19095243,0.759288211,14.8568151,0.927942818
0.262405757,1.01426177,6.06951387,7.67929735,0.877268906
0.678764648,3.98976383,8.91154874,13.1549385,0.014943043
0.757670007,0.639203834,6.97237476,8.36019218,0.289756846
0.706383085,0.722021008,6.7659426,0.350744061,0.894684297
0.417276749,0.681258267,4.29231442,10.5396219,0.788314932
0.638166008,2.62437796,8.82075904,4.43930794,0.143532047
0.955836074,2.94757887,8.90583691,2.49050073,0.0773333123
0.0192338405,1.05263093,8.02794144,11.754384,0.541050025
0.833562674,2.75147382,0.0462918263,7.15862199,0.474114779
0.765378585,2.87154207,4.51715691,8.63325975,0.151978159
0.398807907,3.05795374,6.81410938,15.5311433,0.0686821921
0.403178145,0.860356626,0.0310634044,0.146911986,7.07257254
0.774656605,2.61426354,4.33651385,3.17920265,0.360114619
0.38002104,0.0544797518,8.19267267,5.77691973,0.88674672
0.711710029,2.84180822,5.10911869,15.9248743,0.0554693606
0.594952952,1.49708353,3.33644909,10.1331765,0.474814538
0.275778104,0.0103900917,5.90910991,14.9516375,0.5863511
0.00748384046,3.1236263,6.27127907,4.24413299,0.746107842
0.378324918,2.02759802,4.13991921,1.10601964,1.46937146
0.765033595,3.67853505,2.5618031,0.399552003,0.454921525
0.396519757,1.23019636,8.79811163,15.7548925,0.112434198
0.0461964915,1.69772915,3.90119814,4.33277004,2.37714846
0.929969439,3.98543062,7.0479911,11.7092781,0.0172577692
0.249749997,2.19278593,4.84435548,9.03571049,0.550016686
0.975008428,3.866572,3.32018035,4.03763227,0.140193345
0.0134343035,3.16135335,1.94784817,7.97191412,1.19161073
0.755227422,0.42911022,0.124798257,0.860986241,3.88330706
0.895757202,3.96517676,6.13310486,3.7215237,0.0838845067
0.304441988,3.02597896,3.663984,4.58518628,0.739852438
0.729636049,3.97228686,5.00673724,12.8583437,0.0441545648
0.546659182,2.8034929,5.1866115,11.3414435,0.149459961
0.0529419598,3.18207623,2.59927505,0.0281673968,2.55454208
0.705260828,1.27494479,8.99359471,0.615719237,0.39642598
0.000717922114,0.264467891,2.0516653,5.93546336,6.59566006
0.0613590852,1.04857789,7.75928423,0.515785128,2.18061256
0.0205051447,2.51987031,7.78582883,9.64480431,0.35310137
0.976899274,2.98437115,5.23322398,12.0807937,0.0466442599
0.994185815,1.12397734,6.04593224,7.08129067,0.201778049
0.763575306,1.64064397,5.1821359,5.61446332,0.366301121
0.168879888,1.45708582,2.79312011,15.9460114,0.62224052
0.2267372,3.08847639,0.0508748498,0.0952900872,3.30602837
0.727082879,0.327799862,2.99764668,15.0181848,0.381352285
0.547198487,3.05986852,7.22297339,8.02447601,0.125159919
0.728233559,1.68573109,0.185448803,5.04539307,1.27306248
0.480181378,1.63365361,1.83642598,6.77580669,1.19717918
0.31712934,3.97128098,2.96875127,15.6490668,0.124725377
0.962456107,3.9991383,3.4141446,11.6059781,0.0458300426
0.577747823,0.830613891,0.287250458,6.78834924,2.07924524
0.78101352,1.97694492,5.65466972,12.5049456,0.107978396
0.466445019,2.16572083,7.35750538,11.7208572,0.141681515
0.234493534,0.531316517,4.13258411,5.93975589,2.2706283
0.609494934,3.12540122,1.39100448,9.97727896,0.318298158
0.407758034,0.757111384,1.73481778,10.813219,1.32533077
0.993267888,3.41358792,0.387318882,4.74390696,0.307242833
0.468453081,1.16373466,6.49883159,3.31126557,0.845754911
0.0656411918,0.92604358,0.0325022964,11.1397254,3.3965215
0.32546402,0.295116622,0.0564036286,5.29028531,5.72843142
0.83548885,0.244419513,8.90721325,11.6145024,0.126248075
0.290126249,0.607458601,3.50259293,14.3633843,0.779381904
0.723248978,2.5822941,1.3879801,15.6116403,0.160530845
0.235726687,3.43369817,4.87162837,7.9254172,0.34423483
0.871021448,1.02988216,2.76613464,9.64439877,0.41561179
0.499616309,0.205210433,2.18641303,0.077892758,5.05363943
0.445266999,2.40978056,2.6591157,12.0134405,0.37114595
0.968631807,3.17910545,7.2569567,15.415495,0.0129500465
0.519424338,3.85940418,2.26362488,3.09933481,0.519016938
0.281251603,3.98279356,6.32564622,12.686213,0.0892802681
0.584339514,3.97685937,6.91980043,5.48591568,0.106777824
0.713218063,0.22393819,8.39059152,15.4163438,0.11275009
0.273255968,2.452194,4.55535637,13.9992714,0.259921778
0.774041765,1.27976388,2.23093945,2.48778771,1.24331745
0.619098915,0.781831388,0.54030299,15.7730656,0.597169964
0.276270004,1.07983684,1.84013494,5.59619363,2.76012219
0.0135519798,3.07249784,7.81014292,0.128094316,0.900310286
0.510192493,3.22093382,5.02791843,5.73337366,0.279370912
0.0128916367,2.67895218,2.58601274,3.76206161,2.23732747
0.66882841,3.9963749,6.91424739,15.5660108,0.0189648609
0.337121016,3.97163485,7.35043396,8.43292985,0.110638907
0.00725918962,0.0207997915,3.55971353,9.07600757,3.54799595
0.82477627,0.0591027681,3.015503,4.54929057,1.34327177
0.534909447,0.89230109,2.03496221,2.86204576,2.43472194
0.225714756,2.35163526,8.85100307,12.1042099,0.142992201
0.97043065,0.111724971,3.96356885,11.9141334,0.309017056
0.505583828,1.38956319,5.37407901,12.7038505,0.272734741
0.529244783,0.0682479646,6.84796874,3.21884955,1.21603492
0.168093627,0.598351341,1.10472416,0.175923131,10.130351
0.248492748,1.67043975,6.93200382,2.11232715,1.07763078
0.517037609,3.40437123,2.85139824,13.2448004,0.155872451
0.992711379,2.00060014,0.19487036,14.5531333,0.187744522
0.368859468,1.68432813,1.13149337,0.0160852596,3.98993238
0.826521544,1.39037152,8.94162334,15.7573691,0.0373079206
0.0236801528,3.96931568,0.649415735,11.9648892,0.627498792
0.558606763,2.01544274,3.47869628,4.35269726,0.791842034
0.782254055,1.3756123,8.81071289,8.26937102,0.123642682
0.381107046,1.06448719,6.38143823,15.7019887,0.224756175
0.940546178,3.03843883,6.84304761,0.179778785,0.169917348
0.519319234,0.793476263,8.90000883,4.35265771,0.46966671
0.924007299,3.16271874,8.58108279,11.1262324,0.0215719132
0.971331026,0.642210959,3.68906617,2.01802062,0.881550609
0.756350093,3.90404831,7.51482917,8.41579912,0.0430449246
0.22729327,0.471943096,8.8821154,13.7129624,0.305325582
0.381922982,3.91825711,4.83129927,2.92764248,0.380935722
0.998372861,2.61068033,3.83482621,5.19829431,0.196590196
0.471869927,2.87142908,0.244147129,14.8991811,0.332262024
0.69204535,0.824786438,4.91774505,9.85063998,0.39759735
0.028141689,3.90947039,5.55505991,12.2521708,0.202212376
0.361614323,2.60773283,0.372833516,3.93404128,1.84591426
0.31356026,0.0291687008,5.03629777,0.100554153,4.23668747
0.433855166,3.21512641,1.41660036,6.75968957,0.651407353
0.162263213,0.631270191,3.95572511,1.55018754,4.50129133
0.917027248,1.90786193,3.22993068,11.4577212,0.170900446
0.709254999,1.79507573,4.13504905,15.5898977,0.131840315
0.555899577,0.0167318229,2.72643073,7.32685264,1.77286211
0.8062684,3.8120236,1.53139926,12.8485911,0.0974616993
0.416238443,2.87805868,7.94734496,3.60310279,0.272790861
0.0261826329,0.206044972,6.74515138,3.12748739,3.22640427
0.809989572,1.97894296,0.212082091,0.82435827,1.57502986
0.11689611,2.69166358,6.27700292,15.2678324,0.181031994
0.216682297,3.11748144,7.8987607,7.94859793,0.209940343
0.177674099,0.674324505,3.086913,10.2166535,1.74866461
0.0534280911,3.86371073,3.11922442,15.6530219,0.221699658
0.916568419,3.06166755,3.25465082,14.0735114,0.0638909004
0.828435901,2.0887842,4.94097711,0.00401251763,0.551201667
0.981392176,1.03320018,2.23987188,13.3807539,0.230795938
0.0433032629,3.19176014,8.8033417,12.0246962,0.137828063
0.00229186332,2.07738725,5.95690163,2.92567777,1.61817224
0.573139373,3.0137377,8.75137423,11.2830529,0.0530891242
0.290582422,3.27505524,8.67014058,0.0937841163,0.383058837
0.156565388,1.57789143,8.14800838,15.2477249,0.193608255
0.979378158,1.63478931,8.78375251,2.71721155,0.149078139
0.296152198,1.71996,7.57748456,8.50323626,0.366973123
0.74644908,2.27876219,7.10138463,7.06043058,0.145163971
0.00536577264,0.730163107,8.66551485,5.88110477,1.19193301
0.832021052,3.1113111,8.56273018,6.76659871,0.0555934777
0.392705938,0.834801905,5.6601483,0.200032793,2.074141
0.0620827517,1.69923014,6.66234034,8.80732205,0.706230464
0.725113778,3.949084,0.573085824,3.2950203,0.466445502
0.0557503104,3.98187073,7.42796743,5.06427679,0.302935379
0.705095998,2.19377639,6.29961348,2.85104638,0.343596664
0.240101505,1.54395912,2.9720598,2.50500133,2.69213475
0.0220981799,1.61643945,7.87025036,4.08511929,1.10477953
0.149767979,0.601668835,0.558245883,7.89075508,4.51129401
0.00913578552,2.18058873,2.59822234,0.574051954,4.30406055
0.605669783,1.96818797,7.50437097,15.9341694,0.0632843217
0.740049831,0.070005985,1.32882762,8.18818018,1.46165287
0.573110396,1.06569178,6.93388917,10.4449052,0.262421991
0.42768545,0.43743464,8.91898703,11.404416,0.274577337
0.191626329,2.65485033,0.156280279,13.5158137,0.797610128
0.903563413,0.761115233,0.143366155,11.6532693,0.624796717
0.558754148,3.92384536,0.155102743,10.332089,0.296990725
0.930145141,3.7975193,2.04047044,7.44295275,0.137684091
0.719879357,0.0493820179,4.41804523,7.264361,0.86526421
0.998947836,1.26511811,6.39001418,15.9435794,0.0509671016
0.518666641,0.920916357,4.14271116,4.52697652,1.25645025
0.0161909666,0.486302503,2.89386571,2.13517545,7.63392097
0.476051969,0.0217547249,3.67123871,13.3491929,0.787535955
0.075280054,0.927473121,0.0916687721,2.98142664,9.12434831
0.132560527,3.77907878,6.69850202,1.28605919,0.548848808
0.0368535617,1.59124332,0.0597174391,8.30399942,3.65581816
0.18750612,1.66145375,0.119816108,11.9988097,1.61902943
0.506391127,3.66271042,7.14172982,12.5389322,0.0536898553
0.183431863,3.75731296,2.60759774,8.70259814,0.491384364
0.151157481,2.01511485,0.0793325049,2.38472935,4.91313514
0.745132959,1.79858978,2.02139888,13.601626,0.258812056
0.149221246,3.84590824,4.90471586,4.55012806,0.508003124
0.0398926716,1.90452958,3.21431912,8.99809911,1.40799255
0.999045286,3.8165092,0.15785694,12.6250469,0.0918349791
0.0397563884,0.742480833,6.46957675,9.2024906,1.18938255
0.696076188,3.80997325,4.9958251,6.81330297,0.121668736
0.506967102,2.38432975,3.21775799,15.7485602,0.179760747
0.275826335,3.25282357,4.96293217,0.00189397484,0.931527649
0.941419374,1.74165543,0.00613976922,7.45084677,0.618380793
0.188199027,0.244191419,0.28166995,0.0477399975,14.176209
0.469352972,1.66163164,6.8467918,0.0529063046,0.916174624
0.738843462,2.96828406,8.88810922,0.802956246,0.153940856
0.000113380142,3.62232016,0.75359407,4.72093906,1.90761463
0.00959055266,0.753674131,6.75252835,15.5449684,0.52929167
0.252708953,1.11752303,4.9713796,12.4034296,0.598051643
0.973953182,0.924510461,5.05645714,10.4448551,0.189466918
0.972735864,3.08664025,2.61594506,2.11320847,0.319508621
0.792594319,0.530854015,4.64271498,0.196602278,1.35818339
0.422242619,2.52680989,0.210994702,0.334156759,2.77220262
0.347634152,2.74878447,6.34634865,7.25651836,0.302656861
0.624474823,2.19342081,1.85312845,9.83094189,0.455957802
0.0761579429,3.94618632,7.9952211,10.0994879,0.134547879
0.369748634,1.46116606,4.09058486,15.0395481,0.345124925
0.0143895242,3.37893581,3.99185282,9.01400112,0.590388747
0.842343476,1.06717738,0.113078202,2.67616699,1.89053259
0.520049248,1.87085348,7.72737655,7.14254408,0.24665271
0.0186338928,0.719343031,4.4962306,7.37360009,2.45468342
0.253234101,0.422149534,6.90122533,10.4783761,0.702147609
0.38924226,3.97862174,1.56513046,12.7070113,0.218165689
0.329802244,3.94526796,0.266944074,8.05163945,0.611135163
0.970193669,0.179960735,1.35017312,5.97278554,1.14442585
0.519536633,3.40875127,6.4859615,2.76417728,0.261138216
0.223751163,2.34320057,4.88706563,5.17706011,0.867042123
0.378199429,1.59124154,8.99237936,12.301992,0.145909495
0.576379723,0.856030213,7.42453156,14.4034746,0.154955181
0.176219878,2.90998068,0.101980961,7.10045029,1.64291007
0.225650507,2.03229337,1.69797168,13.8846173,0.688491661
0.0218819585,3.08030469,6.03205353,8.39767186,0.461682227
0.217314544,1.62217983,8.94702222,1.07111128,0.853503976
0.599128908,2.23821529,3.7896813,0.308525816,1.01296417
0.573272296,3.94991742,5.08984353,0.000267192721,0.347405214
0.956089922,0.0132587943,6.39125164,4.9178522,0.471304291
0.0239457702,1.82624153,3.69318833,13.1845364,0.801727677
0.704896273,0.766638153,1.99672139,12.2602191,0.568477627
0.930838049,2.38038219,6.93768465,11.8506236,0.0491266547
0.00479417993,2.30312832,1.52476453,6.60878649,2.43435939
0.0271734749,2.81837121,0.820932226,0.72520049,4.39598994
0.998577517,0.36931227,6.82046613,13.4652292,0.106772947
0.953785508,1.09215763,8.75999579,12.8875588,0.0529061065
0.305884467,0.000923877582,7.93712369,2.200518,1.75653961
0.491989277,3.45508733,3.71876756,9.46918989,0.214216505
0.484976501,0.000238129869,0.00505960174,7.17640261,3.85275879
0.251206046,0.0800350514,2.58549378,4.25583273,4.79945324
0.119377785,1.52972677,4.76505062,7.47707007,1.24025503
0.100150822,0.939446433,2.87144696,4.28274207,3.9496326
0.36761322,1.90154255,7.25750555,15.8148065,0.11952218
0.983546311,1.8514291,2.18006176,2.30747195,0.631482064
0.880336275,3.24711375,5.04182548,5.26374302,0.134828006
0.699833738,0.422570387,4.81611591,13.2624437,0.317957386
0.00335913571,1.82797535,6.2587142,12.8169563,0.490964871
0.963768014,0.196058758,7.10896628,9.59349919,0.196494531
0.601341752,3.00328222,0.369632521,4.29117572,0.893150685
0.775124811,2.09079371,8.93207208,2.37401077,0.182112849
0.453104695,1.32243886,5.0172847,8.00694956,0.620350077
0.977147626,3.68058383,8.03785772,4.0439444,0.0484765165
0.148154526,0.132448444,4.63725393,13.0254435,1.21056906
0.94906847,3.97509464,3.18508543,15.5215696,0.0279640807
0.382342756,0.138767218,0.586434743,2.14883681,7.27953504
0.135930047,2.30522888,8.95897674,6.26134496,0.367366715
0.223494841,1.11119465,8.65923526,10.2524795,0.363480934
0.340481212,1.87092407,1.39688067,9.55266948,1.0948881
0.792352735,0.289666444,0.953837183,3.80718121,2.22118606
0.203766898,2.84104207,3.13662754,7.64275568,0.761724954
0.563813078,0.0256400369,6.59722626,15.2564489,0.265688979
0.78487501,1.57714367,6.87066318,9.30850526,0.152106388
0.983202419,2.73224039,1.71964792,5.55135997,0.296021269
0.0700320369,0.113776436,0.541264528,12.5029784,3.80724044
0.162537927,3.09974854,3.3157201,14.76934,0.281361731
0.0231530843,0.53555408,2.37918519,15.9386778,1.45988173
0.706702175,2.1738174,7.5353077,12.296124,0.0743028174
0.983913416,2.53110192,0.517605743,9.59951122,0.256318381
0.684638616,2.88490886,5.99215324,0.212602779,0.37808671
0.19135974,0.732589946,1.43823299,13.1232479,1.65720755
0.623802194,0.973880146,0.00813685824,3.12209133,2.97361974
0.276967077,3.94266461,0.81930343,0.0582067743,1.64793614
0.40502525,1.03750709,3.10878407,7.70471228,1.25838949
0.624858774,0.00563187897,5.97372734,9.66283796,0.55788766
0.987980651,3.96318743,2.90505741,0.533268735,0.226047105
0.149228429,0.328857839,7.00583502,0.123016104,3.25934314
0.974057616,3.9454211,6.05801905,0.224279106,0.117057135
0.630137984,2.91635725,7.2366206,15.7910871,0.0375116812
0.281847305,0.0306381174,6.60338646,7.31775252,1.28602632
0.632667719,0.985396112,3.49301642,0.225814432,1.92007721
0.515704206,1.76238995,1.09787036,3.39051898,1.88585855
0.0017586397,2.22982985,1.688318,13.441086,1.03812145
0.612244049,3.9429512,2.65679,6.5235461,0.242537576
0.824776414,0.068744855,7.63825174,0.172318347,0.823843495
0.959578859,2.56754195,1.52444973,13.2027429,0.130673815
0.764057344,2.04710333,3.74766526,8.90680429,0.270031864
0.14811457,1.4463446,1.6057295,9.77007872,1.85374116
0.0150552485,0.134247558,0.672101041,1.7816864,15.6328423
0.576059618,3.33598788,8.88376309,14.9444565,0.0235751486
0.99633601,1.67729931,5.33125271,13.0922261,0.0793520205
0.071090302,3.25882269,6.82415262,11.6143014,0.210181124
0.156029124,1.52594058,5.58745567,4.20875529,1.44868646
0.869597723,1.31573402,3.46891206,0.00900437683,1.04304361
0.201423421,1.29375574,0.343785812,0.0144843459,8.08687494
0.352514805,2.86530857,2.79259676,0.308925577,1.51712964
0.13148083,3.19322925,1.35916042,2.50515692,2.09690392
0.82565418,3.07919341,0.00801943196,15.6134987,0.137462579
0.748782055,3.12001609,4.74860242,12.0193985,0.0826893842
0.751557468,1.70548028,0.015976226,13.3554307,0.436636497
0.941464733,0.791090638,8.68578691,3.59212191,0.228905059
0.634783936,3.25445134,3.51824991,2.1800362,0.472595215
0.389051837,3.17690432,5.01962209,13.8462131,0.127815821
0.472618583,1.20212106,0.109649656,12.2342527,1.11827959
0.433777989,2.02665056,4.31105901,10.6111354,0.379872604
0.0617728224,0.863306404,3.5791305,13.2379988,1.23010981
0.820564741,0.926389093,4.09834403,6.87651585,0.510834416
0.824827345,3.4927501,5.96461507,9.3964745,0.0603902451
0.980633113,2.0029247,7.09980463,7.85152077,0.0915999606
0.620253831,2.42451723,1.93759367,5.57644481,0.688459361
0.310556564,2.09666398,5.92079068,11.9625014,0.274902451
0.0220634099,3.27892209,1.8981647,11.4739567,0.717443492
0.795510402,0.57332715,8.79619011,6.34177459,0.23675602
0.333415305,2.84415124,3.71236858,10.2733681,0.367358573
0.392680596,3.13112654,1.89843145,3.44420598,1.00762498
0.150876718,3.14000966,4.82036579,12.2450971,0.276864281
0.198873035,1.83638159,0.146932835,6.22249769,2.97425574
0.975826491,2.86334534,0.551587529,0.945074611,0.658705068
0.87043044,1.29759681,1.59653475,7.03922289,0.658496527
0.129852348,1.71362459,1.99915758,5.05146386,2.78429738
0.032904313,0.0911517572,8.97206265,13.2567354,0.572580255
0.610461791,0.125307549,4.59894041,4.25139243,1.45714974
0.358997023,2.65188684,5.08993535,2.74400442,0.733300983
0.782605918,1.03068816,6.24584364,12.2559684,0.160028691
0.179329974,3.99547385,8.84040354,15.3995965,0.0400874552
0.269600038,0.671359811,7.97478382,7.45184751,0.689758903
0.50853396,3.7210615,8.73133531,4.53788005,0.10625514
0.226332272,3.86595358,6.93407332,15.9471558,0.058767114
0.0541490671,0.333479945,1.79422151,9.74373251,3.76317844
0.451006519,0.266283034,7.69262558,8.81437777,0.52568894
0.00799144758,1.2490381,1.31249081,0.058656469,9.76548276
0.69231011,2.62407891,6.5119059,9.95991655,0.10584213
0.998725571,2.32270086,3.67508664,0.322188802,0.442492559
0.440437885,1.75811535,1.45055267,13.2243168,0.588450301
0.58021407,2.63152663,0.15300751,11.7283978,0.460667376
0.729311041,2.12269177,0.181306722,9.28369759,0.597226591
0.291248679,0.0662117582,1.84729562,11.550972,2.1069737
0.405606232,0.0957855173,4.20117546,7.38849841,1.6452016
0.625934019,0.292232353,7.98561719,11.1433424,0.251819061
0.487739081,1.72292337,2.63946237,0.789559745,1.99939002
0.855808502,2.29400349,7.46260136,15.8952456,0.029063601
0.99899916,0.715545174,4.87741625,4.86200646,0.428453955
0.641376256,2.44292791,5.15108573,5.8628769,0.304298288
0.817625073,3.29838746,8.9956641,14.4472922,0.0124652244
0.310118428,0.641684993,1.79925656,0.186585181,6.38314303
0.588104163,1.0666459,7.01463324,7.00587587,0.388196843
0.216457531,0.00692247786,0.778692115,2.6282392,9.78064139
0.648838399,0.107875507,2.39321802,3.22720705,2.5321329
0.125505521,1.48513587,1.52673372,1.44655403,5.49596208
0.795878529,1.3217468,5.84657896,2.5824145,0.510813433
0.550986026,1.68856969,8.52911207,10.2872916,0.139940696
0.987820689,1.20928649,1.07541142,4.33720751,0.85905444
0.759510486,0.370971278,6.55708821,15.9672906,0.135553705
0.8729705,0.0607720148,3.13931906,8.06289475,0.760657027
0.980782033,0.0145101752,8.71315857,5.43318378,0.246987914
0.598384016,0.160659386,0.4551731,0.167618498,6.16354145
0.358750941,2.10825706,3.3219163,7.90629974,0.748218495
0.376220708,0.56575452,1.43149116,3.68352265,4.06853628
0.941358595,1.65560195,3.82948357,5.56503013,0.345797025
0.150472087,3.93745975,1.99354378,13.3160918,0.305729456
0.354050627,2.11556158,0.547796495,15.6723418,0.525564408
0.778025792,1.1179363,2.59980159,15.760547,0.227684503
0.179631522,0.26796162,8.16961437,4.81549795,1.35307434
0.000702762511,3.24531809,0.137428293,10.2352384,1.32164176
0.587196215,0.0271328539,0.0492190467,14.6213664,1.20406185
0.0244812812,1.82757143,8.9843102,11.2026101,0.311309228
0.603531943,2.24549423,0.0482457276,1.53945478,1.97785821
0.316495923,1.38794323,7.11417541,5.23744381,0.700993079
0.738675271,3.66112142,1.05249453,7.60114857,0.271676293
0.541772602,2.28848138,5.63981593,0.686696731,0.697918483
0.0036979029,0.602615975,0.3750613,6.49825099,7.49143212
0.397550718,2.53964597,8.61712975,0.177144989,0.448746811
0.380005025,2.97779048,8.3803442,13.2353797,0.0699727021
0.0853231848,0.107065607,7.76622459,15.8873973,0.479961955
0.389178243,3.67490129,0.148305627,15.2403111,0.254876322
0.171486036,0.663228244,6.47346419,13.3559534,0.560871408
0.526919732,3.75975067,4.79145853,12.5218515,0.0875054263
0.874908999,2.38221715,4.32830936,14.0364054,0.0789361489
0.321663872,0.818819665,4.27973916,2.80189482,2.3670532
0.871718456,3.88838977,0.375370265,15.7298605,0.0722257741
0.750872676,3.66824055,0.267747936,0.0703284294,0.822760716
0.528944907,3.90820947,2.872373,15.9520253,0.080080645
0.114406004,3.28681473,3.36406624,3.30886123,1.19580893
0.819159303,2.44163835,1.38542498,3.2668482,0.6919749
0.293449232,0.00500193238,0.151824585,8.38363766,4.69422408
0.352919378,2.0639766,2.82324721,4.11697162,1.39567978
0.99508282,1.42784298,3.95299425,15.95434,0.0862566404
0.698661633,1.62427416,7.14562158,0.821248338,0.497811874
0.0443857732,3.96675736,2.90452694,0.683305711,1.50779586
0.00409727218,3.451414,8.80882915,15.9850034,0.0761672988
0.530967579,3.88843264,1.99662614,9.41417557,0.236387842
0.589112766,0.873025638,2.11925229,9.37477559,0.954016592
0.976741389,0.370092631,0.33039405,15.8805243,0.367746739
0.346792345,2.15574486,8.10858469,5.30301643,0.353277925
0.697328363,3.99118364,8.6026802,0.437550955,0.109567307
0.996405435,2.34457027,2.68308091,8.07263273,0.203603211
0.513008266,0.519737615,7.26769783,0.350855678,1.30738462
0.557842675,2.64734985,4.52018236,3.03095525,0.538502964
0.900457635,3.96591775,7.15412864,15.0045665,0.00938423939
0.624771873,2.16349767,4.28703812,12.8882448,0.17877145
0.598167877,1.63003439,8.97283268,4.26475837,0.258959925
0.217667692,1.3635649,3.22929017,8.31968128,1.40291351
0.988892322,1.25301907,7.85585754,6.04027856,0.14330859
0.645982653,0.121809559,7.31983074,6.03600949,0.589237312
0.0187725178,2.03882702,5.77280212,6.1958537,1.10223923
0.987687655,0.265656056,1.98299992,2.27492628,1.46265936
0.914763371,1.71190255,8.8787956,10.520181,0.0552606817
0.998884265,0.991388297,5.09199871,0.395257794,0.625922939
0.603805824,0.657967072,5.51831382,2.3118647,1.17376806
0.728556745,3.41285915,8.82843438,9.7717123,0.0354303956
0.00295748608,2.8258744,5.56000951,0.14199923,1.71976083
0.670422916,3.19180674,1.56568353,13.2320457,0.170771118
0.715567021,2.13965867,2.79749116,2.54920579,0.792471956
0.97451972,3.01172429,4.61299482,8.18481452,0.0934964895
0.374616149,0.694437435,7.67244093,13.7149888,0.26507056
0.149193202,1.9605672,7.31893765,11.3513461,0.322885264
0.151274979,1.91430065,3.71471162,0.281180292,2.99239002
0.764562943,0.037525909,6.07039474,1.99893889,1.06678035
0.0295622246,3.40923862,6.91532365,15.7236229,0.120767967
0.422596443,2.31368181,4.61291819,5.89525715,0.571555321
0.0743740369,0.0177525841,5.32728136,6.43157029,2.91809078
0.512216004,3.25750684,2.06433948,0.628803104,1.02070937
0.828676647,2.27362191,1.71768698,10.9601544,0.256967294
0.235947624,2.28689481,8.64229003,15.9441157,0.0909061558
0.177962064,0.0336315055,2.80060261,15.5165801,1.32076485
0.345596472,1.75964839,5.42356901,3.42118891,1.00703642
0.871510462,1.90536017,7.62394165,4.59973375,0.166139397
0.249291573,3.37385861,0.993796876,13.7672708,0.394919035
0.969577926,2.78479106,8.96249793,15.47154,0.00924422641
0.333770071,2.69435415,0.0228007967,9.2675373,1.03344722
0.235331722,0.881018658,7.38130294,2.77054707,1.37070998
0.413699062,0.16055816,5.62725676,9.43007225,0.880549857
0.670305854,3.32192287,8.00463173,3.28089992,0.130888899
0.22014664,0.0183345191,0.333591662,15.4223357,2.14668956
0.306717922,0.0324684549,3.81897442,11.5610777,1.33573876
0.406009976,3.23863588,8.44493958,7.28791287,0.126977183
0.511064299,1.83067226,0.244492031,9.20456846,1.07148422
0.00107649993,0.37093743,5.27710117,11.0923124,1.59538756
0.77877013,3.15826999,2.34843887,9.26580493,0.193999389
0.715006333,0.445766853,0.0078855604,11.6135353,1.11109812
0.0243388401,0.251539059,8.13817418,9.41051031,1.05341233
0.571892075,3.16042087,2.68565624,5.02111963,0.473888077
0.986636623,1.60687778,6.28828088,0.243117757,0.364942961
0.813667248,1.22174292,4.12501122,3.66852629,0.665809889
0.0666812612,2.84782832,7.76374514,5.80361205,0.446003291
0.0297214599,2.11430302,6.95442411,0.0108421892,1.73500509
0.003928483,0.104055123,1.92253468,3.62745656,9.75524607
0.212904618,1.15167375,0.406597402,4.768942,4.61483558
0.628237683,3.162963,8.81816294,6.87022127,0.0790232983
0.447610801,3.97894941,4.95618263,6.33163523,0.202101429
0.817982168,3.30521167,6.05808304,2.13629242,0.177493951
0.741592031,3.74905011,5.14178513,15.9691661,0.0293420269
0.0960405474,0.613920907,4.87953301,4.10883738,3.06329004
0.910448444,3.62796422,7.18812238,6.70713754,0.0493728385
0.978226343,0.200597938,7.76148313,2.21696545,0.423565119
0.34640258,3.9526223,8.37674092,1.57258837,0.212968063
0.818229675,3.94460491,2.19294746,3.32088662,0.266336097
0.449384,3.18757631,3.58885739,15.8687812,0.119771834
0.553365828,1.67787105,8.95227086,13.8957733,0.0776611133
0.183193009,3.69957549,6.22166662,9.86818608,0.190883875
0.68377137,0.581651034,8.57009294,2.75907661,0.493936309
0.713015403,2.59948153,3.34359143,15.5399838,0.103294989
0.530437682,0.264458962,1.71398877,12.4609616,1.08316193
0.0593387955,1.22854485,0.344788456,13.9725737,1.93235183
0.86656217,1.24159031,7.66878302,0.419804655,0.401709188
0.817837094,1.55217813,7.78005957,13.2643256,0.06742292
0.9729144,3.08931667,4.82691234,15.8501075,0.0275764336
0.777994391,3.00694538,3.89463096,0.111166962,0.478548099
0.577735318,3.98996792,7.62922538,2.47287879,0.135928557
0.458497123,3.84459008,0.0574195697,3.64570373,0.906867221
0.159550616,2.26878963,7.98157555,2.38284043,0.728127434
0.434470175,0.560958656,0.0722885337,15.9171307,1.05779493
0.144510949,3.18205464,1.78283604,5.55612952,1.27366035
0.812796787,2.7024147,7.83862703,3.20805948,0.141102361
0.374556748,0.701048173,5.66246086,5.29723127,1.21190877
0.698305562,1.6862907,3.34756779,6.34990418,0.563856165
0.408054044,0.657251805,5.46995904,13.5138854,0.427527029
0.905932153,0.00678629801,4.62894897,4.88057624,0.78236058
0.200904663,2.41870299,7.06770019,8.59923635,0.345966321
0.995236672,3.77095345,5.43293611,11.3017957,0.0293601473
0.697010849,2.64535629,1.13203088,0.0764210895,1.26463624
0.523787565,1.1904405,8.40029427,1.32572283,0.625404525
0.628623981,1.13298498,4.67667209,6.8049843,0.601539689
0.861179517,3.37654105,3.43220627,7.27245646,0.146787791
0.553625478,3.13361722,6.08524797,13.8001576,0.0710989356
0.549246888,0.769781905,3.8800609,12.770817,0.47702068
0.989691086,2.95230561,7.65075828,5.85678177,0.0609605696
0.662359308,1.091578,4.84081645,15.2926963,0.185858482
0.84947471,0.485795582,1.72427773,15.8858802,0.327308488
0.824350067,3.40629533,3.61251931,2.86578918,0.265880644
0.00549704163,1.55511447,1.82013269,15.9469629,1.02497072
0.890832276,0.87222182,7.72230716,15.6736231,0.0605977536
0.343885762,2.75199737,1.84453292,9.00406404,0.675497282
0.149195565,2.11944249,3.30741109,6.50350832,1.35937858
0.285444903,1.88996042,1.27083314,3.36453509,2.71089045
0.33218002,3.7983905,7.98569706,13.5296963,0.0518062611
0.0430107522,3.52684907,8.44266141,3.21828538,0.394671627
0.562455269,0.742813485,1.04904876,0.644447021,4.08435703
0.597548075,3.96200617,3.23490439,0.0677007735,0.496095136
0.30377757,2.35847908,6.65519746,3.38436112,0.616887172
0.384970331,0.785399862,0.484831408,6.33150656,3.17323577
0.952820717,0.231153701,2.25055378,12.5464786,0.410377944
0.00808537193,3.56338412,4.04314719,5.64412944,0.824674632
0.991194305,0.0107056405,8.84182642,9.91406225,0.130700048
0.826952072,2.33391292,4.66755341,6.3469061,0.230382511
0.157319302,0.262053562,0.752004228,5.21788298,7.04987043
0.00578360819,0.820411126,1.46202215,3.92236865,7.25065848
0.182290384,3.01794665,5.9161989,2.76436994,0.72169157
0.400919485,1.0151125,2.24049343,15.9521646,0.55033897
0.631603991,1.47313661,6.76583406,13.1076219,0.137846206
0.677594866,1.34765063,4.41927983,12.152982,0.261164053
0.628202611,0.805128388,8.53385673,8.05339305,0.252712446
0.260107192,2.48629479,7.10214954,13.9151819,0.147002728
0.859546663,1.60304057,5.18140764,15.8545271,0.079239726
0.452918988,0.837752005,0.220401059,9.38771718,1.94986745
0.475503233,3.13134928,1.32146745,12.2727138,0.316192186
0.823428178,1.42952761,4.65855215,9.39742054,0.25025009
0.139861518,2.61013994,1.39954996,9.30875678,1.16490164
0.868973882,3.3761308,5.91817449,13.7932261,0.0305361491
0.522322866,2.72162953,5.46174295,8.02447392,0.23746176
0.705409349,3.25970147,4.05598871,5.33720431,0.240701006
0.731341918,2.65445483,3.20032342,6.81891073,0.31327495
0.864282035,3.9526315,8.72463086,12.2147586,0.0108399193
0.321044288,3.16541111,2.39513443,12.4878047,0.324877901
0.0419471315,0.0217585228,3.81486041,0.637993329,8.98906685
0.528089373,2.39237831,1.58017918,14.3492059,0.299517393
0.00422387524,3.96268448,1.88571224,7.40560727,0.882685583
0.536111153,1.68062388,5.0525067,4.40918178,0.684247158
0.997126034,2.78898204,5.44760243,1.51836772,0.199675354
0.257332037,3.91817383,1.68218742,6.26472561,0.654299424
0.130800759,1.47339576,7.56563798,6.53784238,0.749232214
0.881014353,0.8329285,6.81590855,5.28890848,0.313019397
0.406283579,1.63241936,0.162471978,6.51828518,2.08659055
0.247881297,0.563812657,8.99846847,2.23915633,1.16745701
0.896691145,2.75228676,3.78788679,10.6901326,0.110646119
0.982079053,3.21059453,1.04019782,8.18629565,0.192563253
0.219045615,1.99860022,5.56645717,0.792273485,1.55334242
0.454332226,3.84690079,6.43872278,15.3134183,0.043538052
0.268814155,3.83801407,3.38070353,4.41642009,0.573925489
0.0852026958,0.00683603436,6.50976638,10.0328802,1.403125
0.331885335,3.98728286,5.09178111,9.8936111,0.155853486
0.137687378,0.447027732,2.68895241,7.50777472,3.26002805
0.931408792,0.750253173,3.38642463,15.3578487,0.175945216
0.642162888,3.32661285,5.36003603,9.11203376,0.119250273
0.0370269912,1.25056128,4.91254153,14.374117,0.683337695
0.239968746,0.618830227,1.52914344,9.44664678,2.47399177
0.0821183934,0.655353235,5.67411105,1.39447609,3.63194253
0.513903904,0.731659068,2.23640584,5.81860439,1.81604385
0.303292639,1.75751879,5.8911685,6.87815139,0.638842402
0.444456473,3.91978028,8.43113868,10.9292892,0.0483470217
0.282798931,0.00654229708,4.40187092,3.99044199,3.22439417
0.993444315,3.27438792,1.43498337,12.0276829,0.0994387393
0.84912088,0.698547993,1.11627312,9.24855798,0.784212002
0.362826891,0.126224568,3.27671387,1.29773533,4.65652614
0.951305514,2.36710722,8.93468486,0.441731073,0.140038633
0.556386252,0.734931123,8.97160906,15.7039683,0.10046833
0.674743571,1.66080243,2.4895042,0.172497109,1.58288898
0.107723482,2.03427942,4.80211988,11.0733628,0.619944607
0.932802987,2.47919578,8.64797142,9.69881626,0.0404061787
0.709345776,3.89782803,6.29051489,2.99340723,0.138149817
0.338709852,2.7859538,7.9325744,10.2718863,0.141483868
0.996340585,1.98484431,7.37632918,14.15919,0.033405769
0.698171897,0.700272655,3.33566998,2.85392292,1.44621049
0.424990533,3.26356043,5.98549945,9.40303853,0.162277662
0.418323832,3.07459741,6.20688247,0.131000117,0.568319746
0.177184041,3.72869091,0.243456937,10.2768859,0.704652961
0.451004199,0.110256536,2.43360063,9.82356465,1.62936981
0.837282043,0.797178375,4.89813345,15.8734686,0.137253221
0.765975568,3.00547669,2.3551537,1.89897583,0.553630754
0.312518044,1.96306571,2.80222487,15.9881024,0.356344592
0.100765116,2.23722477,2.33259193,15.7734701,0.545401136
0.747723205,3.93561885,4.37871707,0.173835486,0.281335885
0.171653682,3.93370087,3.84848955,13.4467593,0.188126653
0.744416996,1.66579272,2.20116595,8.88192506,0.487249526
0.283352387,1.21426006,0.154827754,2.11565349,5.72618588
0.707919233,3.99421916,6.39304773,10.583454,0.044616855
0.429425845,1.4406846,3.56860989,2.89143921,1.61670035
0.0223386395,1.7820556,6.76914296,15.9745759,0.287559153
0.585624019,2.33157773,6.36049246,13.8607985,0.0955582418
0.447166986,2.14213752,6.53703068,8.66588203,0.26906462
0.573102599,0.541544177,3.89920724,8.84635301,0.835232776
0.191347121,3.88427413,6.73938506,6.8349144,0.224399021
0.624471096,1.94282047,2.21318168,15.9012752,0.219107529
0.423743255,3.41152713,3.45722528,2.81819663,0.62632156
0.0324067595,2.64162521,4.03846501,9.74471099,0.74592932
0.780627568,0.0301202983,5.0216697,11.0268825,0.418431494
0.392514761,3.98233831,7.10984871,3.95959806,0.187167603
0.58092618,2.50523955,3.51262838,10.2137549,0.27738169
0.735276016,3.1360227,7.05054307,7.95965289,0.0840598177
0.124372474,1.31271175,6.17942434,11.7064851,0.584702754
0.219967143,3.9511062,5.04435203,0.754646898,0.654217091
0.260903842,0.0435170718,7.63070694,14.7404512,0.41366381
0.53611549,1.97214048,3.97145541,7.55734627,0.505214072
0.0176426792,2.08203503,1.71605531,10.2071332,1.61687614
0.124411323,3.92443378,4.40688712,9.8699213,0.291339602
0.203800961,1.13103771,3.03945159,0.111852743,4.73463641
0.300270255,2.56872527,1.27271774,11.6748236,0.656675339
0.874228279,0.618712517,6.07785679,0.958299458,0.725773956
0.347613938,1.38981371,5.847899,10.0239346,0.476687289
0.539032076,2.04839223,7.4883912,2.47280095,0.416368497
0.754625944,3.99298383,4.67838096,9.86446779,0.0689748192
0.239375063,0.706757525,5.56588779,15.779625,0.431059172
0.00740900729,2.09274222,1.61676733,3.57064966,3.85834137
0.00914651994,2.90224259,4.48005283,3.99624779,1.28168354
0.257050111,0.964836261,0.00682757562,12.0018907,2.04797471
0.833938737,0.0334327202,4.28339059,15.9033606,0.236936668
0.120545788,0.052253047,4.98816317,1.88173393,4.9859033
0.828284274,3.89515737,4.29748069,4.90317248,0.133482886
0.806062453,1.96658157,0.757180648,15.8847211,0.208133978
0.333597419,3.08731634,1.1829325,0.971628726,1.85804685
0.772823431,3.37361642,0.835183909,10.5528178,0.210772997
0.195392139,3.82274402,1.93214584,2.80023597,1.13919572
0.864653766,0.943386848,7.88118185,10.7081843,0.117583782
0.00159984641,3.55447435,0.113466062,14.2650789,0.682638526
0.792327964,2.62437159,8.5800747,13.0053546,0.0319679205
0.367926326,2.95103225,4.4978318,7.21625799,0.400746538
0.377299935,1.12004813,1.46001873,8.06178856,1.76415361
0.767895297,0.0650293548,2.13382364,12.7535687,0.650319865
0.77530035,1.89195677,4.76435885,2.80756624,0.494663525
0.566073881,0.0148893576,5.05222536,12.0029099,0.572345131
0.632938677,3.20139579,4.18265904,14.1341908,0.0875904185
0.140490494,0.89491736,1.97115613,0.393055409,7.40735274
0.794406005,2.32687859,8.65910003,6.21181894,0.0987353117
0.500841569,2.57699556,8.01971615,5.98985993,0.193131716
0.153466007,1.21270598,4.38629228,2.5143128,2.75623733
0.344320019,3.94626434,1.94577013,9.8820084,0.321101937
0.212676419,1.81029951,3.833521,14.1999346,0.469595288
0.912061224,0.0519795064,3.64401962,0.0670850873,1.72647869
0.8348781,3.18490716,1.6530183,14.71749,0.0970075166
0.281368942,3.87124158,8.90387333,7.82065577,0.0985634031
0.997645247,1.69468285,5.70313939,4.73538258,0.218632766
0.65471723,3.32994363,5.31591674,2.8669463,0.265541888
0.797116125,0.522876622,8.97163348,0.433511131,0.49603142
0.409771009,0.0853666868,6.20528809,0.492328711,2.4921138
0.185824114,0.583503645,6.62797041,5.86433164,1.41051857
0.462266586,1.25801263,7.69113679,12.3307976,0.196595441
0.279576367,3.35999378,7.68491684,2.48420525,0.345693866
0.844193532,1.44274196,0.369310132,10.6584804,0.537725637
0.820130796,3.7531594,7.5376495,2.26699574,0.0963753993
0.264424649,0.740284464,4.4122095,8.897988,1.24704335
0.848030657,3.40503816,1.07162273,3.13472421,0.436758846
0.371703499,0.882810887,3.1558137,4.9081503,2.04519795
0.132863389,0.139910605,7.82445611,11.7934683,0.710949793
0.904361158,2.39193669,2.87998288,3.32833827,0.422666391
0.631939835,0.0512101501,1.5502354,15.6558276,0.681138185
0.413111532,0.662062116,7.37547355,4.59363482,0.851250904
0.592970382,0.212856738,3.33718987,0.26690013,3.15575267
0.145458028,2.85229214,5.56664964,6.54296439,0.56697336
0.8619358,2.21995414,6.23075668,9.47099864,0.104299475
0.819658903,0.0287211649,6.11239253,8.85544423,0.398299413
0.99913226,1.66358968,8.8912809,15.5698946,0.0208299432
0.67900349,0.0466560573,0.333797341,5.56785133,2.90034403
0.795755235,1.03293303,1.13739878,0.464522928,2.21807246
0.919148715,0.529792499,0.500695719,0.343011461,2.60820997
0.573224384,0.728896892,5.78264507,12.2946568,0.320001651
0.206079158,2.28960921,3.28961521,2.77822773,1.78470773
0.476595464,0.559879639,4.26844019,1.19862156,2.42117175
0.227632962,3.30878771,6.28872787,13.5986604,0.128610386
0.408602047,1.49841374,8.63926355,5.51561561,0.375850623
0.00599763496,3.20900318,3.86185932,12.92368,0.410170016
0.641920964,3.06254098,0.284050042,7.1627643,0.566045326
0.712876607,1.26853974,0.781545772,7.89296346,0.990502226
0.661778204,2.02509754,8.58232062,0.111399487,0.345772518
0.832208713,3.72735574,3.75264526,13.704742,0.0491147869
0.760614344,2.58110548,1.43967009,8.06246628,0.390008109
0.122490587,2.79716737,8.9820954,9.02633789,0.204141719
0.394852245,1.12672314,1.88068981,1.33992299,3.59085468
0.391261597,3.73463508,0.0266354671,11.8440806,0.391303647
0.214762569,2.05796008,0.303930852,9.1836902,1.71657207
0.18638758,2.46422655,0.575252756,4.04100791,2.65970092
0.446292702,3.36579133,1.92348059,15.8902917,0.161944236
0.362111112,0.00585578755,5.44099797,12.183041,0.778293893
0.645611872,3.19494869,3.38091015,10.5899854,0.166334517
0.218331052,1.95997004,2.73722485,9.84551917,0.95586719
0.0169141367,1.10358312,8.82338237,2.82233701,1.36880414
0.59185565,1.27164573,1.23690943,13.7542969,0.543460793
0.0356610739,1.42267506,6.52449978,2.25387932,2.01531141
0.996319209,0.54776639,5.19684677,13.1621442,0.149251911
0.737683869,1.01116601,6.00092155,6.20187901,0.410347554
0.596577365,2.70310963,7.11787668,3.828299,0.241737755
0.0013043154,3.68651596,7.3659407,7.76075199,0.282845562
0.929849908,3.94959641,1.95060479,10.3371251,0.0878520792
0.597963501,3.89024835,7.65892892,9.9882869,0.0481759005
0.988682342,3.13650292,7.21027114,12.4926504,0.0221033016
0.169812189,0.133812703,2.2277331,2.68476333,7.24909598
0.224448037,1.19259829,8.99883411,13.1641417,0.2212506
0.975130341,0.0625963342,0.127324026,12.3287241,0.709290081
0.459383023,3.4018514,6.56209674,5.61748857,0.201555514
0.0579063767,0.929892153,1.56918409,5.825648,4.75776104
0.585707774,3.96221213,2.02351142,12.7224837,0.130609426
0.162661558,3.41119616,8.94128773,5.7295987,0.211449026
0.10300621,0.90150108,7.93948269,8.68542566,0.741702697
0.986863688,0.872023184,0.210730123,8.42877248,0.739161357
0.838067093,1.57451861,6.60228684,6.46215348,0.210513703
0.98963753,3.35186269,6.20162917,3.16709136,0.101308932
0.838021666,2.52054411,6.26582618,1.31653085,0.271299842
0.0372463134,3.99515921,5.94191957,3.27501242,0.550019396
0.00442636665,1.57577726,0.198758465,2.72625597,7.66316643
0.978223305,3.99636101,6.38871452,9.11101345,0.0287154997
0.856966976,0.175831879,7.21436467,6.80352482,0.346385689
0.000787957106,0.972780332,3.4178558,10.4931083,1.92656396
0.657961761,1.45329672,3.50543161,3.1806907,0.991678943
0.634569235,0.820560264,7.10179776,3.4043054,0.620422771
0.584994572,0.0150878634,3.55887178,15.9254378,0.468790454
0.00544560934,2.09742453,7.68182898,6.22157987,0.714020404
0.0121625913,1.66669036,0.14603906,11.5172979,2.42534198
0.443122449,2.23600619,1.25108626,5.3453257,1.29997589
0.474295103,1.91119874,3.41367614,13.608548,0.309948664
0.672415526,1.15097961,1.15735405,4.71026647,1.56450486
0.471474827,0.309670976,1.44019464,7.73561596,2.29511349
0.831134622,3.51839284,3.66418676,10.6434222,0.0872715018
0.904706282,1.59389708,1.41360336,13.2120004,0.250130188
0.996546286,3.81369443,1.71529835,3.58992782,0.212377752
0.432152685,0.760705782,2.65969286,13.258626,0.752081069
0.581409121,2.97240023,2.54409863,15.4056117,0.138091009
0.790314722,3.27811564,7.40155075,15.7572807,0.0185295624
0.870897872,0.722128576,1.83369802,5.26698835,1.04339625
0.36483972,3.44471256,7.38907507,10.9950766,0.0970914933
0.22331148,0.784162183,7.68106142,15.2876883,0.281760901
0.607043769,2.33853549,8.47354922,14.1187751,0.0516952167
0.0102446056,0.724345403,4.66467839,0.443925776,5.71444104
0.0116417422,2.65104471,0.244094478,13.3260183,1.15392132
0.826509994,0.613901768,4.15578951,11.2964666,0.332455896
0.13657145,1.42545556,3.6711525,10.7733783,1.06503802
0.328492213,3.87447727,5.26385825,15.4056084,0.0761566601
0.052657384,0.0506104939,5.8737844,15.4567998,0.853357174
0.443528575,1.53901538,5.02076763,0.0739937649,1.54070601
0.87937877,2.87594662,0.0783231561,4.22628499,0.584225654
0.301184097,0.00450304523,8.28603278,11.2940266,0.519693351
0.763611795,0.0937411488,7.89184599,9.34321857,0.27061475
0.51524909,3.16582544,0.0634943834,9.15573615,0.566960786
0.492492247,1.26875919,0.0803303328,0.198938683,4.73678763
0.148739761,3.4766711,0.92505742,7.89343653,0.98279807
0.916224988,3.97347126,4.79592934,2.105703,0.136911418
0.24023117,2.26106312,3.79755626,11.6055001,0.495009985
0.35439004,0.933622905,7.65035299,9.7469467,0.408544777
0.545591089,2.99774455,6.95855456,11.4249217,0.0874287105
0.983203049,2.7745654,0.271454049,14.8056897,0.120924612
0.744806155,3.82815555,8.57320826,15.8422811,0.00868935295
0.00276199915,1.68367862,3.56964654,1.86545386,3.83137697
0.207879834,3.3454784,7.77467464,12.3673219,0.108923793
0.808671601,1.37442519,8.91924579,3.13611753,0.22398308
0.461333621,2.53667544,4.28439086,13.7906995,0.184099302
0.667851921,2.34891478,4.97398179,10.1544637,0.18069023
0.722167319,1.86449198,1.16264529,2.80780917,1.25435692
0.00648600841,0.0413735509,7.57185787,0.382556372,4.27651366
0.98247689,1.95636623,1.45621866,6.51920256,0.413745659
0.758472293,2.575285,6.33374114,14.5552087,0.0516788099
0.950876744,1.54174399,0.20510696,0.413654655,1.55882491
0.417926287,0.348422939,8.87476003,1.94100031,0.985979899
0.463655038,2.6008961,2.83665314,4.6744322,0.791550926
0.486309122,1.58962621,1.90723075,10.3596234,0.757282168
0.277106422,1.31054687,5.31265917,1.5337102,1.88320557
0.576199807,0.760658272,0.863048058,11.1088313,1.10353281
0.647272608,2.84286461,0.0572944279,15.9065776,0.21522763
0.0576090007,0.937901462,7.44720912,3.98873648,1.61013554
0.959721985,0.189593371,5.61552288,10.8320207,0.238966821
0.843693187,3.80557038,0.498193322,5.57363621,0.299389285
0.223986304,2.15124556,8.96441269,8.68267493,0.242734198
0.00403189147,3.0559998,4.92437107,15.8304839,0.240694018
0.784255837,3.95137785,6.31686082,6.18640708,0.0735285827
0.910843534,2.18909622,0.315273,12.0769996,0.270564325
0.996563506,0.971370975,4.12194816,8.14696417,0.294629503
0.25108596,0.00694732741,1.71839645,0.158345088,10.085263
0.617210302,1.81417331,6.32434677,5.85990819,0.337998936
0.404539053,0.351458516,6.66738155,15.4342509,0.299961251
0.296164864,2.57146898,6.02802201,15.9394555,0.128190551
0.90170908,0.0980098471,7.31587737,15.9128061,0.0972141979
0.604977575,3.43240852,1.10265707,2.41297182,0.767609308
0.852585896,1.64463749,3.20003888,14.3173449,0.155417507
0.985826286,3.12952491,4.33170155,3.39176918,0.173605782
0.21035066,1.45415528,8.97238881,7.00213041,0.441975088
0.8579761,0.017273752,5.21988821,13.6197983,0.246270183
0.0147982412,2.85615998,7.83165335,2.84055743,0.707734424
0.0727861002,1.26394711,7.10804124,13.9540187,0.405502096
0.192968914,0.914175613,1.23644781,15.9613542,1.10371078
0.546600109,2.83214269,8.60005711,2.0620352,0.224093562
0.0763122314,2.31869264,5.10101056,13.6613043,0.384596978
0.0588227883,2.53841355,7.01213389,12.327537,0.273332453
0.4411873,0.139835265,4.97540725,4.74619131,1.75634315
0.956051516,1.43130827,8.99571758,0.0449984819,0.234969273
0.00234259805,1.48818158,8.7027456,14.3026985,0.277730207
0.719438095,2.38424937,0.177964866,5.43199847,0.869410107
0.991922935,0.995105587,1.66411708,10.3390379,0.388391593
0.322832056,3.35342986,2.46512772,7.82502856,0.524680676
0.626809989,3.18196698,7.46798517,0.758564629,0.24324831
0.718219278,0.445606822,2.95619249,8.40383754,0.854523123
0.240599753,3.04016213,0.0112365321,15.737592,0.463144068
0.799983825,1.31261678,2.58789566,12.022011,0.319557384
0.157899655,3.27800698,3.29258949,11.6473394,0.388858252
0.999833601,0.813332141,3.76490438,11.9963544,0.209599409
0.739661057,1.93356409,3.17638255,11.4871325,0.246061575
0.695335441,2.01103609,7.83814717,4.87027622,0.208672545
0.411791184,3.89769858,1.39512092,4.97299203,0.607387131
0.883989785,0.865284684,6.38927331,9.8071009,0.188102004
0.370294504,2.15891761,2.08842202,0.193582684,2.47810022
0.975107981,2.55936994,7.4937245,1.82694549,0.140533024
0.108109242,3.96811227,0.141481186,3.33208646,1.76162143
0.0211314168,0.622888131,1.98185337,0.0170923099,11.2707624
0.0247616461,0.67594174,1.24383724,12.7511199,2.60701549
0.535785524,3.78923598,3.80055164,5.10485363,0.284005099
0.539497648,1.34785861,3.28438179,6.4083717,0.929032043
0.994558313,2.1662615,0.803276791,1.19648171,0.825960705
0.419806369,2.74259598,6.3240473,12.9118011,0.125462915
0.351425069,1.60454426,8.04468396,0.00576405973,0.919967567
0.858714837,1.68103386,2.55604332,4.3023252,0.632732606
0.342144358,1.68087714,5.62958781,15.0796246,0.228185969
0.628595532,3.22040816,3.15001272,7.58011736,0.265316467
0.327086941,1.40087128,0.998012416,11.7238559,1.18564678
0.896559906,1.92937025,6.58287501,2.45380955,0.261921953
0.452610197,0.0783075448,0.258539125,12.9192279,1.8182549
0.968796231,2.23300678,4.82621668,11.0643977,0.0928338688
0.355925667,0.170758918,4.37655363,15.5322829,0.602938221
0.9545232,2.68569955,5.74282165,6.40628278,0.112890691
0.396977489,0.00263504312,0.646131701,9.84087677,2.84996031
0.803237154,0.0273929369,0.884452941,10.6677059,1.06308136
0.990064692,0.0690968056,2.94752485,5.42264199,0.871198135
0.495779558,2.26814645,1.65921562,7.88788401,0.761798278
0.996151521,1.27447628,0.276213025,12.9996744,0.325592076
0.371355253,1.47091597,3.79052762,9.59583795,0.731853923
0.270804683,1.65722016,2.02331696,6.91231235,1.69961705
0.153745655,0.0128658582,0.532075657,9.94768373,4.67296565
0.399188057,0.614680806,6.61570693,7.44248844,0.74214237
0.658982402,2.06892304,0.87646218,11.9108503,0.433435958
0.574164646,3.94085352,4.33133302,8.38050591,0.139746341
0.43398417,3.88777663,4.18916436,0.507268079,0.547614929
0.165268501,2.67077704,8.43667106,0.232100517,0.695916498
0.00635193149,3.02765016,3.8614775,1.51521283,1.89793063
0.547196668,2.93758933,0.143569005,1.71426011,1.49818222
0.485199966,3.02332959,2.47590754,9.91643794,0.340636292
0.485538206,1.76253242,6.48526904,14.0741371,0.151452643
0.123647067,0.545008317,8.89825943,0.0821531415,2.02917044
0.768854874,0.575443249,7.81806091,12.7105967,0.136412113
0.858452395,0.0376113579,0.301706948,6.73543597,1.7678979
0.999080859,2.2079972,4.07026343,15.8534169,0.0543272225
0.693938149,0.0738807544,3.85613993,2.03334194,1.97202666
0.624231545,1.83828131,8.98631109,6.98755619,0.153831739
0.571089634,1.21394629,6.28937889,1.05063158,0.934402453
0.226155672,3.99353925,7.68173422,3.39018731,0.248093058
0.096984264,0.0581015591,1.15403296,1.47916713,12.8609073
0.221243338,1.74711571,8.49089913,4.51856631,0.569414689
0.761529838,0.127955088,5.71763611,5.88459964,0.679596728
0.965957195,3.37030657,1.67073696,0.135306485,0.447254143
0.0820237091,2.28991667,5.91642242,9.44282996,0.548767351
0.53386053,2.37568098,0.158106796,4.09052664,1.50931531
0.986578479,1.6980133,5.64655269,9.9752791,0.113498748
