Evaluation,SolutionId,algorithmResult,populationSizeWithArchive,archiveType,createInitialSolutions,offspringPopulationSize,variation,crossover,crossoverProbability,crossoverRepairStrategy,sbxDistributionIndex,blxAlphaCrossoverAlpha,blxAlphaBetaCrossoverBeta,blxAlphaBetaCrossoverAlpha,laplaceCrossoverScale,fuzzyRecombinationCrossoverAlpha,pcxCrossoverZeta,pcxCrossoverEta,undcCrossoverZeta,undcCrossoverEta,mutation,mutationProbabilityFactor,mutationRepairStrategy,uniformMutationPerturbation,polynomialMutationDistributionIndex,linkedPolynomialMutationDistributionIndex,nonUniformMutationPerturbation,levyFlightMutationBeta,levyFlightMutationStepSize,powerLawMutationDelta,selection,selectionTournamentSize,boltzmannTemperature
100,0,1.0,86.0,1.0,1.0,1.0,0.0,1.0,0.7043371883916403,2.0,NaN,0.9826212624069831,NaN,NaN,NaN,NaN,NaN,NaN,NaN,NaN,4.0,0.26476389026918423,0.0,NaN,NaN,NaN,NaN,1.926382511972091,0.8389589979913546,NaN,0.0,3.0,NaN
200,0,1.0,86.0,1.0,1.0,1.0,0.0,1.0,0.7043371883916403,2.0,NaN,0.9826212624069831,NaN,NaN,NaN,NaN,NaN,NaN,NaN,NaN,4.0,0.26476389026918423,0.0,NaN,NaN,NaN,NaN,1.926382511972091,0.8389589979913546,NaN,0.0,3.0,NaN
200,1,1.0,86.0,1.0,2.0,2.0,0.0,1.0,0.7043371883916403,2.0,NaN,0.973872856680166,NaN,NaN,NaN,NaN,NaN,NaN,NaN,NaN,4.0,0.3012685703957795,0.0,NaN,NaN,NaN,NaN,1.9249196670563151,0.8389589979913546,NaN,0.0,3.0,NaN
300,0,1.0,86.0,1.0,2.0,2.0,0.0,1.0,0.7043371883916403,2.0,NaN,0.973872856680166,NaN,NaN,NaN,NaN,NaN,NaN,NaN,NaN,4.0,0.3012685703957795,0.0,NaN,NaN,NaN,NaN,1.9249196670563151,0.8389589979913546,NaN,0.0,3.0,NaN
300,1,1.0,86.0,1.0,1.0,2.0,0.0,7.0,0.7043371883916403,2.0,NaN,NaN,NaN,NaN,NaN,NaN,0.6833320623407096,0.48964322655510306,NaN,NaN,3.0,0.26476389026918423,0.0,NaN,NaN,NaN,0.22403672318267065,NaN,NaN,NaN,0.0,3.0,NaN
300,2,1.0,86.0,1.0,1.0,1.0,0.0,1.0,0.7043371883916403,2.0,NaN,0.9826212624069831,NaN,NaN,NaN,NaN,NaN,NaN,NaN,NaN,4.0,0.26574946045547454,2.0,NaN,NaN,NaN,NaN,1.926382511972091,0.8389589979913546,NaN,0.0,3.0,NaN
300,3,1.0,86.0,1.0,1.0,4.0,0.0,1.0,0.7043371883916403,2.0,NaN,0.9826212624069831,NaN,NaN,NaN,NaN,NaN,NaN,NaN,NaN,5.0,0.36248692814197125,0.0,NaN,NaN,NaN,NaN,NaN,NaN,3.0420313918134108,0.0,3.0,NaN
300,4,1.0,86.0,1.0,1.0,1.0,0.0,1.0,0.7043371883916403,2.0,NaN,0.9824830833818814,NaN,NaN,NaN,NaN,NaN,NaN,NaN,NaN,4.0,0.35072100674411705,2.0,NaN,NaN,NaN,NaN,1.9263824414898134,0.8389589979913546,NaN,0.0,3.0,NaN
400,0,1.0,87.0,1.0,1.0,1.0,0.0,1.0,0.7043371883916403,2.0,NaN,0.9826212624069831,NaN,NaN,NaN,NaN,NaN,NaN,NaN,NaN,5.0,0.26574946045547454,2.0,NaN,NaN,NaN,NaN,NaN,NaN,3.074010866388493,0.0,3.0,NaN
400,1,1.0,86.0,1.0,1.0,1.0,0.0,3.0,0.7053003537188118,2.0,NaN,NaN,0.8284603862235379,0.8115337954046101,NaN,NaN,NaN,NaN,NaN,NaN,0.0,1.6208315434908798,2.0,0.6283972066472108,NaN,NaN,NaN,NaN,NaN,NaN,0.0,3.0,NaN
400,2,1.0,86.0,1.0,1.0,1.0,0.0,1.0,0.7040032210510883,2.0,NaN,0.9910244031092831,NaN,NaN,NaN,NaN,NaN,NaN,NaN,NaN,4.0,0.26476389026918423,0.0,NaN,NaN,NaN,NaN,1.926382511972091,0.924914670297304,NaN,0.0,3.0,NaN
400,3,1.0,87.0,1.0,1.0,1.0,0.0,1.0,0.744476499866023,2.0,NaN,0.9826212624069831,NaN,NaN,NaN,NaN,NaN,NaN,NaN,NaN,0.0,0.3618084515747576,2.0,0.6283972066472108,NaN,NaN,NaN,NaN,NaN,NaN,0.0,3.0,NaN
500,0,1.0,86.0,1.0,1.0,1.0,0.0,1.0,0.7503116158682644,2.0,NaN,0.9728805049216385,NaN,NaN,NaN,NaN,NaN,NaN,NaN,NaN,4.0,0.26574946045547454,2.0,NaN,NaN,NaN,NaN,1.926382511972091,0.8389589979913546,NaN,0.0,3.0,NaN
500,1,1.0,86.0,1.0,1.0,1.0,0.0,3.0,0.7043422736776986,2.0,NaN,NaN,0.8614564862568199,0.8115337954046101,NaN,NaN,NaN,NaN,NaN,NaN,0.0,1.6208315434908798,2.0,0.9060325910083248,NaN,NaN,NaN,NaN,NaN,NaN,0.0,3.0,NaN
500,2,1.0,86.0,1.0,1.0,1.0,0.0,1.0,0.8016749796818788,2.0,NaN,0.9910244031092831,NaN,NaN,NaN,NaN,NaN,NaN,NaN,NaN,3.0,0.26476389026918423,2.0,NaN,NaN,NaN,0.25946905945468657,NaN,NaN,NaN,0.0,3.0,NaN
500,3,1.0,87.0,1.0,1.0,1.0,0.0,1.0,0.744476499866023,2.0,NaN,0.9826212624069831,NaN,NaN,NaN,NaN,NaN,NaN,NaN,NaN,0.0,0.3618084515747576,2.0,0.6283972066472108,NaN,NaN,NaN,NaN,NaN,NaN,0.0,3.0,NaN
500,4,1.0,84.0,1.0,1.0,1.0,0.0,1.0,0.7452945509766089,2.0,NaN,0.9826213587222973,NaN,NaN,NaN,NaN,NaN,NaN,NaN,NaN,4.0,0.35385643853832305,2.0,NaN,NaN,NaN,NaN,1.1208820520431513,0.8389589979913546,NaN,0.0,3.0,NaN
600,0,1.0,86.0,1.0,1.0,1.0,0.0,1.0,0.7503116158682644,2.0,NaN,0.9728805049216385,NaN,NaN,NaN,NaN,NaN,NaN,NaN,NaN,4.0,0.26574946045547454,2.0,NaN,NaN,NaN,NaN,1.926382511972091,0.8389589979913546,NaN,0.0,3.0,NaN
600,1,1.0,86.0,1.0,1.0,1.0,0.0,1.0,0.8016749796818788,2.0,NaN,0.9910244031092831,NaN,NaN,NaN,NaN,NaN,NaN,NaN,NaN,3.0,0.26476389026918423,2.0,NaN,NaN,NaN,0.25946905945468657,NaN,NaN,NaN,0.0,3.0,NaN
600,2,1.0,84.0,1.0,1.0,1.0,0.0,1.0,0.7452945509766089,2.0,NaN,0.9826213587222973,NaN,NaN,NaN,NaN,NaN,NaN,NaN,NaN,4.0,0.35385643853832305,2.0,NaN,NaN,NaN,NaN,1.1208820520431513,0.8389589979913546,NaN,0.0,3.0,NaN
600,3,1.0,86.0,1.0,1.0,1.0,0.0,1.0,0.8016749796818788,2.0,NaN,0.9910244031092831,NaN,NaN,NaN,NaN,NaN,NaN,NaN,NaN,5.0,0.26476389026918423,2.0,NaN,NaN,NaN,NaN,NaN,NaN,1.6755991867683386,0.0,3.0,NaN
700,0,1.0,86.0,1.0,1.0,1.0,0.0,1.0,0.7503116158682644,2.0,NaN,0.9728805049216385,NaN,NaN,NaN,NaN,NaN,NaN,NaN,NaN,4.0,0.26574946045547454,2.0,NaN,NaN,NaN,NaN,1.926382511972091,0.8389589979913546,NaN,0.0,3.0,NaN
700,1,1.0,86.0,1.0,1.0,1.0,0.0,1.0,0.8016749796818788,2.0,NaN,0.9910244031092831,NaN,NaN,NaN,NaN,NaN,NaN,NaN,NaN,3.0,0.26476389026918423,2.0,NaN,NaN,NaN,0.25946905945468657,NaN,NaN,NaN,0.0,3.0,NaN
700,2,1.0,84.0,1.0,1.0,1.0,0.0,1.0,0.7452945509766089,2.0,NaN,0.9826213587222973,NaN,NaN,NaN,NaN,NaN,NaN,NaN,NaN,4.0,0.35385643853832305,2.0,NaN,NaN,NaN,NaN,1.1208820520431513,0.8389589979913546,NaN,0.0,3.0,NaN
700,3,1.0,86.0,1.0,1.0,1.0,0.0,1.0,0.8016749796818788,2.0,NaN,0.9910244031092831,NaN,NaN,NaN,NaN,NaN,NaN,NaN,NaN,5.0,0.26476389026918423,2.0,NaN,NaN,NaN,NaN,NaN,NaN,1.6755991867683386,0.0,3.0,NaN
700,4,1.0,86.0,1.0,1.0,1.0,0.0,1.0,0.8005732804223532,2.0,NaN,0.9825783649090517,NaN,NaN,NaN,NaN,NaN,NaN,NaN,NaN,0.0,0.16505890162399756,2.0,0.8931188806762238,NaN,NaN,NaN,NaN,NaN,NaN,0.0,3.0,NaN
700,5,1.0,86.0,1.0,1.0,1.0,0.0,1.0,0.7457214134156984,2.0,NaN,0.9819254338142687,NaN,NaN,NaN,NaN,NaN,NaN,NaN,NaN,0.0,0.3748538740279115,2.0,0.8896636627762572,NaN,NaN,NaN,NaN,NaN,NaN,0.0,3.0,NaN
800,0,1.0,86.0,1.0,1.0,1.0,0.0,1.0,0.7503116158682644,2.0,NaN,0.9728805049216385,NaN,NaN,NaN,NaN,NaN,NaN,NaN,NaN,4.0,0.26574946045547454,2.0,NaN,NaN,NaN,NaN,1.926382511972091,0.8389589979913546,NaN,0.0,3.0,NaN
800,1,1.0,86.0,1.0,1.0,1.0,0.0,1.0,0.8016749796818788,2.0,NaN,0.9910244031092831,NaN,NaN,NaN,NaN,NaN,NaN,NaN,NaN,3.0,0.26476389026918423,2.0,NaN,NaN,NaN,0.25946905945468657,NaN,NaN,NaN,0.0,3.0,NaN
800,2,1.0,84.0,1.0,1.0,1.0,0.0,1.0,0.7452945509766089,2.0,NaN,0.9826213587222973,NaN,NaN,NaN,NaN,NaN,NaN,NaN,NaN,4.0,0.35385643853832305,2.0,NaN,NaN,NaN,NaN,1.1208820520431513,0.8389589979913546,NaN,0.0,3.0,NaN
800,3,1.0,86.0,1.0,1.0,1.0,0.0,1.0,0.8015814069660894,2.0,NaN,0.9825438456399025,NaN,NaN,NaN,NaN,NaN,NaN,NaN,NaN,3.0,0.2647686918681934,2.0,NaN,NaN,NaN,0.2254398918252823,NaN,NaN,NaN,0.0,3.0,NaN
900,0,1.0,86.0,1.0,1.0,1.0,0.0,1.0,0.8016749796818788,2.0,NaN,0.9910244031092831,NaN,NaN,NaN,NaN,NaN,NaN,NaN,NaN,3.0,0.26476389026918423,2.0,NaN,NaN,NaN,0.25946905945468657,NaN,NaN,NaN,0.0,3.0,NaN
900,1,1.0,86.0,1.0,1.0,1.0,0.0,1.0,0.8015814069660894,2.0,NaN,0.9825438456399025,NaN,NaN,NaN,NaN,NaN,NaN,NaN,NaN,3.0,0.2647686918681934,2.0,NaN,NaN,NaN,0.2254398918252823,NaN,NaN,NaN,0.0,3.0,NaN
900,2,1.0,80.0,1.0,1.0,1.0,0.0,1.0,0.7097230221355076,2.0,NaN,0.9823462005284165,NaN,NaN,NaN,NaN,NaN,NaN,NaN,NaN,0.0,0.35546264471844274,2.0,0.8593481143410275,NaN,NaN,NaN,NaN,NaN,NaN,0.0,3.0,NaN
900,3,1.0,81.0,1.0,1.0,1.0,0.0,1.0,0.8864234591341804,2.0,NaN,0.9910720313324608,NaN,NaN,NaN,NaN,NaN,NaN,NaN,NaN,0.0,0.2658719347345995,2.0,0.8695755909570229,NaN,NaN,NaN,NaN,NaN,NaN,0.0,3.0,NaN
900,4,1.0,86.0,1.0,1.0,1.0,0.0,1.0,0.8016749796818788,2.0,NaN,0.9909964018436224,NaN,NaN,NaN,NaN,NaN,NaN,NaN,NaN,3.0,0.26476389026918423,2.0,NaN,NaN,NaN,0.2581353083837647,NaN,NaN,NaN,0.0,3.0,NaN
900,5,1.0,84.0,1.0,1.0,1.0,0.0,1.0,0.7452945509766089,2.0,NaN,0.9826213587222973,NaN,NaN,NaN,NaN,NaN,NaN,NaN,NaN,4.0,0.3538674365622699,2.0,NaN,NaN,NaN,NaN,1.1208820520431513,0.8428667212196624,NaN,0.0,3.0,NaN
1000,0,1.0,86.0,1.0,1.0,1.0,0.0,1.0,0.8015814069660894,2.0,NaN,0.9825438456399025,NaN,NaN,NaN,NaN,NaN,NaN,NaN,NaN,3.0,0.2647686918681934,2.0,NaN,NaN,NaN,0.2254398918252823,NaN,NaN,NaN,0.0,3.0,NaN
1000,1,1.0,80.0,1.0,1.0,1.0,0.0,1.0,0.7097230221355076,2.0,NaN,0.9823462005284165,NaN,NaN,NaN,NaN,NaN,NaN,NaN,NaN,0.0,0.35546264471844274,2.0,0.8593481143410275,NaN,NaN,NaN,NaN,NaN,NaN,0.0,3.0,NaN
1000,2,1.0,84.0,1.0,1.0,1.0,0.0,1.0,0.7452945509766089,2.0,NaN,0.9826213587222973,NaN,NaN,NaN,NaN,NaN,NaN,NaN,NaN,4.0,0.3538674365622699,2.0,NaN,NaN,NaN,NaN,1.1208820520431513,0.8428667212196624,NaN,0.0,3.0,NaN
1000,3,1.0,86.0,1.0,1.0,1.0,0.0,1.0,0.8016749796818788,2.0,NaN,0.9909641850049029,NaN,NaN,NaN,NaN,NaN,NaN,NaN,NaN,0.0,0.3706096765457376,2.0,0.8899703255445076,NaN,NaN,NaN,NaN,NaN,NaN,0.0,3.0,NaN
1100,0,1.0,86.0,1.0,1.0,1.0,0.0,1.0,0.8015814069660894,2.0,NaN,0.9825438456399025,NaN,NaN,NaN,NaN,NaN,NaN,NaN,NaN,3.0,0.2647686918681934,2.0,NaN,NaN,NaN,0.2254398918252823,NaN,NaN,NaN,0.0,3.0,NaN
1100,1,1.0,80.0,1.0,1.0,1.0,0.0,1.0,0.7097230221355076,2.0,NaN,0.9823462005284165,NaN,NaN,NaN,NaN,NaN,NaN,NaN,NaN,0.0,0.35546264471844274,2.0,0.8593481143410275,NaN,NaN,NaN,NaN,NaN,NaN,0.0,3.0,NaN
1100,2,1.0,84.0,1.0,1.0,1.0,0.0,1.0,0.7452945509766089,2.0,NaN,0.9826213587222973,NaN,NaN,NaN,NaN,NaN,NaN,NaN,NaN,4.0,0.3538674365622699,2.0,NaN,NaN,NaN,NaN,1.1208820520431513,0.8428667212196624,NaN,0.0,3.0,NaN
1100,3,1.0,86.0,1.0,1.0,1.0,0.0,1.0,0.8016749796818788,2.0,NaN,0.9909641850049029,NaN,NaN,NaN,NaN,NaN,NaN,NaN,NaN,0.0,0.3706096765457376,2.0,0.8899703255445076,NaN,NaN,NaN,NaN,NaN,NaN,0.0,3.0,NaN
1100,4,1.0,81.0,1.0,1.0,1.0,0.0,1.0,0.8741387803672892,2.0,NaN,0.99159949135858,NaN,NaN,NaN,NaN,NaN,NaN,NaN,NaN,0.0,0.29257851267446966,2.0,0.7132975927508372,NaN,NaN,NaN,NaN,NaN,NaN,0.0,3.0,NaN
1100,5,1.0,80.0,1.0,1.0,1.0,0.0,1.0,0.8016749796818788,2.0,NaN,0.9823462005284165,NaN,NaN,NaN,NaN,NaN,NaN,NaN,NaN,0.0,0.35342788219763455,2.0,0.8566287108366558,NaN,NaN,NaN,NaN,NaN,NaN,0.0,3.0,NaN
1100,6,1.0,86.0,1.0,1.0,1.0,0.0,1.0,0.8016749796818788,2.0,NaN,0.9820942182537041,NaN,NaN,NaN,NaN,NaN,NaN,NaN,NaN,0.0,0.19724623026112387,2.0,0.8066558884736376,NaN,NaN,NaN,NaN,NaN,NaN,0.0,3.0,NaN
1100,7,1.0,86.0,1.0,1.0,1.0,0.0,1.0,0.8033980018857194,2.0,NaN,0.9818658445910442,NaN,NaN,NaN,NaN,NaN,NaN,NaN,NaN,0.0,1.6939142962753377,2.0,0.8229799618160102,NaN,NaN,NaN,NaN,NaN,NaN,0.0,3.0,NaN
1100,8,1.0,81.0,1.0,1.0,1.0,0.0,1.0,0.8864234591341804,2.0,NaN,0.9910720313324608,NaN,NaN,NaN,NaN,NaN,NaN,NaN,NaN,5.0,0.19476251559537186,2.0,NaN,NaN,NaN,NaN,NaN,NaN,1.664128120575374,0.0,3.0,NaN
1100,9,1.0,86.0,1.0,1.0,0.0,0.0,1.0,0.8000480209880718,2.0,NaN,0.9825792799085207,NaN,NaN,NaN,NaN,NaN,NaN,NaN,NaN,4.0,0.16505890162399756,2.0,NaN,NaN,NaN,NaN,1.9283523937457592,0.9249680337503973,NaN,0.0,3.0,NaN
1200,0,1.0,86.0,1.0,1.0,1.0,0.0,1.0,0.8015814069660894,2.0,NaN,0.9825438456399025,NaN,NaN,NaN,NaN,NaN,NaN,NaN,NaN,3.0,0.2647686918681934,2.0,NaN,NaN,NaN,0.2254398918252823,NaN,NaN,NaN,0.0,3.0,NaN
1200,1,1.0,84.0,1.0,1.0,1.0,0.0,1.0,0.7452945509766089,2.0,NaN,0.9826213587222973,NaN,NaN,NaN,NaN,NaN,NaN,NaN,NaN,4.0,0.3538674365622699,2.0,NaN,NaN,NaN,NaN,1.1208820520431513,0.8428667212196624,NaN,0.0,3.0,NaN
1200,2,1.0,86.0,1.0,1.0,1.0,0.0,1.0,0.8016749796818788,2.0,NaN,0.9909641850049029,NaN,NaN,NaN,NaN,NaN,NaN,NaN,NaN,0.0,0.3706096765457376,2.0,0.8899703255445076,NaN,NaN,NaN,NaN,NaN,NaN,0.0,3.0,NaN
1200,3,1.0,81.0,1.0,1.0,1.0,0.0,1.0,0.8741387803672892,2.0,NaN,0.99159949135858,NaN,NaN,NaN,NaN,NaN,NaN,NaN,NaN,0.0,0.29257851267446966,2.0,0.7132975927508372,NaN,NaN,NaN,NaN,NaN,NaN,0.0,3.0,NaN
1200,4,1.0,80.0,1.0,1.0,1.0,0.0,1.0,0.8016749796818788,2.0,NaN,0.9823462005284165,NaN,NaN,NaN,NaN,NaN,NaN,NaN,NaN,0.0,0.35342788219763455,2.0,0.8566287108366558,NaN,NaN,NaN,NaN,NaN,NaN,0.0,3.0,NaN
1200,5,1.0,86.0,1.0,1.0,1.0,0.0,1.0,0.8016749796818788,2.0,NaN,0.9820942182537041,NaN,NaN,NaN,NaN,NaN,NaN,NaN,NaN,0.0,0.19724623026112387,2.0,0.8066558884736376,NaN,NaN,NaN,NaN,NaN,NaN,0.0,3.0,NaN
1200,6,1.0,86.0,1.0,1.0,1.0,0.0,1.0,0.8033980018857194,2.0,NaN,0.9818658445910442,NaN,NaN,NaN,NaN,NaN,NaN,NaN,NaN,0.0,1.6939142962753377,2.0,0.8229799618160102,NaN,NaN,NaN,NaN,NaN,NaN,0.0,3.0,NaN
1200,7,1.0,81.0,1.0,1.0,1.0,0.0,1.0,0.8864234591341804,2.0,NaN,0.9910720313324608,NaN,NaN,NaN,NaN,NaN,NaN,NaN,NaN,5.0,0.19476251559537186,2.0,NaN,NaN,NaN,NaN,NaN,NaN,1.664128120575374,0.0,3.0,NaN
1200,8,1.0,86.0,1.0,1.0,0.0,0.0,1.0,0.8000480209880718,2.0,NaN,0.9825792799085207,NaN,NaN,NaN,NaN,NaN,NaN,NaN,NaN,4.0,0.16505890162399756,2.0,NaN,NaN,NaN,NaN,1.9283523937457592,0.9249680337503973,NaN,0.0,3.0,NaN
1200,9,1.0,80.0,1.0,1.0,1.0,0.0,1.0,0.7993884739440631,2.0,NaN,0.9823519516584338,NaN,NaN,NaN,NaN,NaN,NaN,NaN,NaN,0.0,0.35546264471844274,2.0,0.8593481143410275,NaN,NaN,NaN,NaN,NaN,NaN,0.0,3.0,NaN
1200,10,1.0,81.0,1.0,1.0,1.0,0.0,1.0,0.8864234591341804,2.0,NaN,0.9910527206136526,NaN,NaN,NaN,NaN,NaN,NaN,NaN,NaN,5.0,0.19476251559537186,2.0,NaN,NaN,NaN,NaN,NaN,NaN,3.0936458420539625,0.0,3.0,NaN
1300,0,1.0,86.0,1.0,1.0,1.0,0.0,1.0,0.8015814069660894,2.0,NaN,0.9825438456399025,NaN,NaN,NaN,NaN,NaN,NaN,NaN,NaN,3.0,0.2647686918681934,2.0,NaN,NaN,NaN,0.2254398918252823,NaN,NaN,NaN,0.0,3.0,NaN
1300,1,1.0,84.0,1.0,1.0,1.0,0.0,1.0,0.7452945509766089,2.0,NaN,0.9826213587222973,NaN,NaN,NaN,NaN,NaN,NaN,NaN,NaN,4.0,0.3538674365622699,2.0,NaN,NaN,NaN,NaN,1.1208820520431513,0.8428667212196624,NaN,0.0,3.0,NaN
1300,2,1.0,80.0,1.0,1.0,1.0,0.0,1.0,0.8016749796818788,2.0,NaN,0.9823462005284165,NaN,NaN,NaN,NaN,NaN,NaN,NaN,NaN,0.0,0.35342788219763455,2.0,0.8566287108366558,NaN,NaN,NaN,NaN,NaN,NaN,0.0,3.0,NaN
1300,3,1.0,86.0,1.0,1.0,1.0,0.0,1.0,0.8016749796818788,2.0,NaN,0.9820942182537041,NaN,NaN,NaN,NaN,NaN,NaN,NaN,NaN,0.0,0.19724623026112387,2.0,0.8066558884736376,NaN,NaN,NaN,NaN,NaN,NaN,0.0,3.0,NaN
1300,4,1.0,86.0,1.0,1.0,1.0,0.0,1.0,0.8033980018857194,2.0,NaN,0.9818658445910442,NaN,NaN,NaN,NaN,NaN,NaN,NaN,NaN,0.0,1.6939142962753377,2.0,0.8229799618160102,NaN,NaN,NaN,NaN,NaN,NaN,0.0,3.0,NaN
1300,5,1.0,81.0,1.0,1.0,1.0,0.0,1.0,0.8864234591341804,2.0,NaN,0.9910720313324608,NaN,NaN,NaN,NaN,NaN,NaN,NaN,NaN,5.0,0.19476251559537186,2.0,NaN,NaN,NaN,NaN,NaN,NaN,1.664128120575374,0.0,3.0,NaN
1300,6,1.0,86.0,1.0,1.0,0.0,0.0,1.0,0.8000480209880718,2.0,NaN,0.9825792799085207,NaN,NaN,NaN,NaN,NaN,NaN,NaN,NaN,4.0,0.16505890162399756,2.0,NaN,NaN,NaN,NaN,1.9283523937457592,0.9249680337503973,NaN,0.0,3.0,NaN
1300,7,1.0,80.0,1.0,1.0,1.0,0.0,1.0,0.7993884739440631,2.0,NaN,0.9823519516584338,NaN,NaN,NaN,NaN,NaN,NaN,NaN,NaN,0.0,0.35546264471844274,2.0,0.8593481143410275,NaN,NaN,NaN,NaN,NaN,NaN,0.0,3.0,NaN
1300,8,1.0,81.0,1.0,1.0,1.0,0.0,1.0,0.8864234591341804,2.0,NaN,0.9910527206136526,NaN,NaN,NaN,NaN,NaN,NaN,NaN,NaN,5.0,0.19476251559537186,2.0,NaN,NaN,NaN,NaN,NaN,NaN,3.0936458420539625,0.0,3.0,NaN
1300,9,1.0,81.0,1.0,1.0,1.0,0.0,1.0,0.8855540055021642,2.0,NaN,0.9910720313324608,NaN,NaN,NaN,NaN,NaN,NaN,NaN,NaN,5.0,0.19476251559537186,2.0,NaN,NaN,NaN,NaN,NaN,NaN,1.664128120575374,0.0,3.0,NaN
1400,0,1.0,86.0,1.0,1.0,1.0,0.0,1.0,0.8015814069660894,2.0,NaN,0.9825438456399025,NaN,NaN,NaN,NaN,NaN,NaN,NaN,NaN,3.0,0.2647686918681934,2.0,NaN,NaN,NaN,0.2254398918252823,NaN,NaN,NaN,0.0,3.0,NaN
1400,1,1.0,84.0,1.0,1.0,1.0,0.0,1.0,0.7452945509766089,2.0,NaN,0.9826213587222973,NaN,NaN,NaN,NaN,NaN,NaN,NaN,NaN,4.0,0.3538674365622699,2.0,NaN,NaN,NaN,NaN,1.1208820520431513,0.8428667212196624,NaN,0.0,3.0,NaN
1400,2,1.0,80.0,1.0,1.0,1.0,0.0,1.0,0.8016749796818788,2.0,NaN,0.9823462005284165,NaN,NaN,NaN,NaN,NaN,NaN,NaN,NaN,0.0,0.35342788219763455,2.0,0.8566287108366558,NaN,NaN,NaN,NaN,NaN,NaN,0.0,3.0,NaN
1400,3,1.0,86.0,1.0,1.0,1.0,0.0,1.0,0.8016749796818788,2.0,NaN,0.9820942182537041,NaN,NaN,NaN,NaN,NaN,NaN,NaN,NaN,0.0,0.19724623026112387,2.0,0.8066558884736376,NaN,NaN,NaN,NaN,NaN,NaN,0.0,3.0,NaN
1400,4,1.0,86.0,1.0,1.0,1.0,0.0,1.0,0.8033980018857194,2.0,NaN,0.9818658445910442,NaN,NaN,NaN,NaN,NaN,NaN,NaN,NaN,0.0,1.6939142962753377,2.0,0.8229799618160102,NaN,NaN,NaN,NaN,NaN,NaN,0.0,3.0,NaN
1400,5,1.0,81.0,1.0,1.0,1.0,0.0,1.0,0.8864234591341804,2.0,NaN,0.9910720313324608,NaN,NaN,NaN,NaN,NaN,NaN,NaN,NaN,5.0,0.19476251559537186,2.0,NaN,NaN,NaN,NaN,NaN,NaN,1.664128120575374,0.0,3.0,NaN
1400,6,1.0,86.0,1.0,1.0,0.0,0.0,1.0,0.8000480209880718,2.0,NaN,0.9825792799085207,NaN,NaN,NaN,NaN,NaN,NaN,NaN,NaN,4.0,0.16505890162399756,2.0,NaN,NaN,NaN,NaN,1.9283523937457592,0.9249680337503973,NaN,0.0,3.0,NaN
1400,7,1.0,80.0,1.0,1.0,1.0,0.0,1.0,0.7993884739440631,2.0,NaN,0.9823519516584338,NaN,NaN,NaN,NaN,NaN,NaN,NaN,NaN,0.0,0.35546264471844274,2.0,0.8593481143410275,NaN,NaN,NaN,NaN,NaN,NaN,0.0,3.0,NaN
1400,8,1.0,81.0,1.0,1.0,1.0,0.0,1.0,0.8864234591341804,2.0,NaN,0.9910527206136526,NaN,NaN,NaN,NaN,NaN,NaN,NaN,NaN,5.0,0.19476251559537186,2.0,NaN,NaN,NaN,NaN,NaN,NaN,3.0936458420539625,0.0,3.0,NaN
1400,9,1.0,81.0,1.0,1.0,1.0,0.0,1.0,0.8855540055021642,2.0,NaN,0.9910720313324608,NaN,NaN,NaN,NaN,NaN,NaN,NaN,NaN,5.0,0.19476251559537186,2.0,NaN,NaN,NaN,NaN,NaN,NaN,1.664128120575374,0.0,3.0,NaN
1500,0,1.0,84.0,1.0,1.0,1.0,0.0,1.0,0.7452945509766089,2.0,NaN,0.9826213587222973,NaN,NaN,NaN,NaN,NaN,NaN,NaN,NaN,4.0,0.3538674365622699,2.0,NaN,NaN,NaN,NaN,1.1208820520431513,0.8428667212196624,NaN,0.0,3.0,NaN
1500,1,1.0,80.0,1.0,1.0,1.0,0.0,1.0,0.8016749796818788,2.0,NaN,0.9823462005284165,NaN,NaN,NaN,NaN,NaN,NaN,NaN,NaN,0.0,0.35342788219763455,2.0,0.8566287108366558,NaN,NaN,NaN,NaN,NaN,NaN,0.0,3.0,NaN
1500,2,1.0,81.0,1.0,1.0,1.0,0.0,1.0,0.8864234591341804,2.0,NaN,0.9910720313324608,NaN,NaN,NaN,NaN,NaN,NaN,NaN,NaN,5.0,0.19476251559537186,2.0,NaN,NaN,NaN,NaN,NaN,NaN,1.664128120575374,0.0,3.0,NaN
1500,3,1.0,80.0,1.0,1.0,1.0,0.0,1.0,0.7993884739440631,2.0,NaN,0.9823519516584338,NaN,NaN,NaN,NaN,NaN,NaN,NaN,NaN,0.0,0.35546264471844274,2.0,0.8593481143410275,NaN,NaN,NaN,NaN,NaN,NaN,0.0,3.0,NaN
1500,4,1.0,81.0,1.0,1.0,1.0,0.0,1.0,0.8855540055021642,2.0,NaN,0.9910720313324608,NaN,NaN,NaN,NaN,NaN,NaN,NaN,NaN,5.0,0.19476251559537186,2.0,NaN,NaN,NaN,NaN,NaN,NaN,1.664128120575374,0.0,3.0,NaN
1500,5,1.0,84.0,1.0,1.0,1.0,0.0,1.0,0.8043481006953863,2.0,NaN,0.9913694850875114,NaN,NaN,NaN,NaN,NaN,NaN,NaN,NaN,4.0,0.42692767692065015,2.0,NaN,NaN,NaN,NaN,1.8416700474317493,0.8412008117424749,NaN,0.0,3.0,NaN
1500,6,1.0,81.0,1.0,1.0,1.0,0.0,1.0,0.8864234591341804,2.0,NaN,0.9899289622789551,NaN,NaN,NaN,NaN,NaN,NaN,NaN,NaN,5.0,0.19476251559537186,2.0,NaN,NaN,NaN,NaN,NaN,NaN,1.7204524765642537,0.0,3.0,NaN
1500,7,1.0,81.0,1.0,1.0,1.0,0.0,1.0,0.8855748271320484,2.0,NaN,0.9910720313324608,NaN,NaN,NaN,NaN,NaN,NaN,NaN,NaN,5.0,0.0531726761990992,2.0,NaN,NaN,NaN,NaN,NaN,NaN,1.664128120575374,0.0,3.0,NaN
1600,0,1.0,84.0,1.0,1.0,1.0,0.0,1.0,0.7452945509766089,2.0,NaN,0.9826213587222973,NaN,NaN,NaN,NaN,NaN,NaN,NaN,NaN,4.0,0.3538674365622699,2.0,NaN,NaN,NaN,NaN,1.1208820520431513,0.8428667212196624,NaN,0.0,3.0,NaN
1600,1,1.0,80.0,1.0,1.0,1.0,0.0,1.0,0.8016749796818788,2.0,NaN,0.9823462005284165,NaN,NaN,NaN,NaN,NaN,NaN,NaN,NaN,0.0,0.35342788219763455,2.0,0.8566287108366558,NaN,NaN,NaN,NaN,NaN,NaN,0.0,3.0,NaN
1600,2,1.0,81.0,1.0,1.0,1.0,0.0,1.0,0.8864234591341804,2.0,NaN,0.9910720313324608,NaN,NaN,NaN,NaN,NaN,NaN,NaN,NaN,5.0,0.19476251559537186,2.0,NaN,NaN,NaN,NaN,NaN,NaN,1.664128120575374,0.0,3.0,NaN
1600,3,1.0,80.0,1.0,1.0,1.0,0.0,1.0,0.7993884739440631,2.0,NaN,0.9823519516584338,NaN,NaN,NaN,NaN,NaN,NaN,NaN,NaN,0.0,0.35546264471844274,2.0,0.8593481143410275,NaN,NaN,NaN,NaN,NaN,NaN,0.0,3.0,NaN
1600,4,1.0,84.0,1.0,1.0,1.0,0.0,1.0,0.8043481006953863,2.0,NaN,0.9913694850875114,NaN,NaN,NaN,NaN,NaN,NaN,NaN,NaN,4.0,0.42692767692065015,2.0,NaN,NaN,NaN,NaN,1.8416700474317493,0.8412008117424749,NaN,0.0,3.0,NaN
1600,5,1.0,81.0,1.0,1.0,1.0,0.0,1.0,0.8864234591341804,2.0,NaN,0.9899289622789551,NaN,NaN,NaN,NaN,NaN,NaN,NaN,NaN,5.0,0.19476251559537186,2.0,NaN,NaN,NaN,NaN,NaN,NaN,1.7204524765642537,0.0,3.0,NaN
1600,6,1.0,81.0,1.0,1.0,1.0,0.0,1.0,0.8855748271320484,2.0,NaN,0.9910720313324608,NaN,NaN,NaN,NaN,NaN,NaN,NaN,NaN,5.0,0.0531726761990992,2.0,NaN,NaN,NaN,NaN,NaN,NaN,1.664128120575374,0.0,3.0,NaN
1600,7,1.0,86.0,1.0,1.0,1.0,0.0,1.0,0.8837353515273668,2.0,NaN,0.9923397753352966,NaN,NaN,NaN,NaN,NaN,NaN,NaN,NaN,5.0,0.26476389026918423,2.0,NaN,NaN,NaN,NaN,NaN,NaN,1.6755991867683386,0.0,3.0,NaN
1600,8,1.0,86.0,1.0,1.0,1.0,0.0,1.0,0.8806005138282283,2.0,NaN,0.9828145121168743,NaN,NaN,NaN,NaN,NaN,NaN,NaN,NaN,5.0,0.26527919890144247,2.0,NaN,NaN,NaN,NaN,NaN,NaN,3.074010866388493,0.0,3.0,NaN
1600,9,1.0,81.0,1.0,1.0,1.0,0.0,1.0,0.8864234591341804,2.0,NaN,0.9925865549259931,NaN,NaN,NaN,NaN,NaN,NaN,NaN,NaN,4.0,0.265946062749722,2.0,NaN,NaN,NaN,NaN,1.176746231324918,0.8378840308211638,NaN,0.0,3.0,NaN
1700,0,1.0,84.0,1.0,1.0,1.0,0.0,1.0,0.7452945509766089,2.0,NaN,0.9826213587222973,NaN,NaN,NaN,NaN,NaN,NaN,NaN,NaN,4.0,0.3538674365622699,2.0,NaN,NaN,NaN,NaN,1.1208820520431513,0.8428667212196624,NaN,0.0,3.0,NaN
1700,1,1.0,81.0,1.0,1.0,1.0,0.0,1.0,0.8864234591341804,2.0,NaN,0.9910720313324608,NaN,NaN,NaN,NaN,NaN,NaN,NaN,NaN,5.0,0.19476251559537186,2.0,NaN,NaN,NaN,NaN,NaN,NaN,1.664128120575374,0.0,3.0,NaN
1700,2,1.0,80.0,1.0,1.0,1.0,0.0,1.0,0.7993884739440631,2.0,NaN,0.9823519516584338,NaN,NaN,NaN,NaN,NaN,NaN,NaN,NaN,0.0,0.35546264471844274,2.0,0.8593481143410275,NaN,NaN,NaN,NaN,NaN,NaN,0.0,3.0,NaN
1700,3,1.0,84.0,1.0,1.0,1.0,0.0,1.0,0.8043481006953863,2.0,NaN,0.9913694850875114,NaN,NaN,NaN,NaN,NaN,NaN,NaN,NaN,4.0,0.42692767692065015,2.0,NaN,NaN,NaN,NaN,1.8416700474317493,0.8412008117424749,NaN,0.0,3.0,NaN
1700,4,1.0,81.0,1.0,1.0,1.0,0.0,1.0,0.8864234591341804,2.0,NaN,0.9899289622789551,NaN,NaN,NaN,NaN,NaN,NaN,NaN,NaN,5.0,0.19476251559537186,2.0,NaN,NaN,NaN,NaN,NaN,NaN,1.7204524765642537,0.0,3.0,NaN
1700,5,1.0,86.0,1.0,1.0,1.0,0.0,1.0,0.8837353515273668,2.0,NaN,0.9923397753352966,NaN,NaN,NaN,NaN,NaN,NaN,NaN,NaN,5.0,0.26476389026918423,2.0,NaN,NaN,NaN,NaN,NaN,NaN,1.6755991867683386,0.0,3.0,NaN
1700,6,1.0,86.0,1.0,1.0,1.0,0.0,1.0,0.8806005138282283,2.0,NaN,0.9828145121168743,NaN,NaN,NaN,NaN,NaN,NaN,NaN,NaN,5.0,0.26527919890144247,2.0,NaN,NaN,NaN,NaN,NaN,NaN,3.074010866388493,0.0,3.0,NaN
1700,7,1.0,81.0,1.0,1.0,1.0,0.0,1.0,0.8864234591341804,2.0,NaN,0.9910720313324608,NaN,NaN,NaN,NaN,NaN,NaN,NaN,NaN,5.0,0.19476251559537186,2.0,NaN,NaN,NaN,NaN,NaN,NaN,1.664128120575374,0.0,3.0,NaN
1700,8,1.0,81.0,1.0,1.0,1.0,0.0,1.0,0.8864234591341804,2.0,NaN,0.9910527206136526,NaN,NaN,NaN,NaN,NaN,NaN,NaN,NaN,5.0,0.19479708503107637,2.0,NaN,NaN,NaN,NaN,NaN,NaN,3.044592728486431,0.0,3.0,NaN
1700,9,1.0,81.0,1.0,1.0,1.0,0.0,1.0,0.8019527676361323,2.0,NaN,0.98289996676238,NaN,NaN,NaN,NaN,NaN,NaN,NaN,NaN,5.0,0.0531726761990992,2.0,NaN,NaN,NaN,NaN,NaN,NaN,1.5292798986062923,0.0,3.0,NaN
1800,0,1.0,84.0,1.0,1.0,1.0,0.0,1.0,0.7452945509766089,2.0,NaN,0.9826213587222973,NaN,NaN,NaN,NaN,NaN,NaN,NaN,NaN,4.0,0.3538674365622699,2.0,NaN,NaN,NaN,NaN,1.1208820520431513,0.8428667212196624,NaN,0.0,3.0,NaN
1800,1,1.0,81.0,1.0,1.0,1.0,0.0,1.0,0.8864234591341804,2.0,NaN,0.9910720313324608,NaN,NaN,NaN,NaN,NaN,NaN,NaN,NaN,5.0,0.19476251559537186,2.0,NaN,NaN,NaN,NaN,NaN,NaN,1.664128120575374,0.0,3.0,NaN
1800,2,1.0,84.0,1.0,1.0,1.0,0.0,1.0,0.8043481006953863,2.0,NaN,0.9913694850875114,NaN,NaN,NaN,NaN,NaN,NaN,NaN,NaN,4.0,0.42692767692065015,2.0,NaN,NaN,NaN,NaN,1.8416700474317493,0.8412008117424749,NaN,0.0,3.0,NaN
1800,3,1.0,81.0,1.0,1.0,1.0,0.0,1.0,0.8864234591341804,2.0,NaN,0.9910527206136526,NaN,NaN,NaN,NaN,NaN,NaN,NaN,NaN,5.0,0.19479708503107637,2.0,NaN,NaN,NaN,NaN,NaN,NaN,3.044592728486431,0.0,3.0,NaN
1800,4,1.0,81.0,1.0,1.0,1.0,0.0,1.0,0.8019527676361323,2.0,NaN,0.98289996676238,NaN,NaN,NaN,NaN,NaN,NaN,NaN,NaN,5.0,0.0531726761990992,2.0,NaN,NaN,NaN,NaN,NaN,NaN,1.5292798986062923,0.0,3.0,NaN
1800,5,1.0,86.0,1.0,1.0,1.0,0.0,1.0,0.8837353515273668,2.0,NaN,0.9923397753352966,NaN,NaN,NaN,NaN,NaN,NaN,NaN,NaN,5.0,0.26476389026918423,2.0,NaN,NaN,NaN,NaN,NaN,NaN,1.6419289677726026,0.0,3.0,NaN
1800,6,1.0,86.0,1.0,1.0,1.0,0.0,1.0,0.8806005138282283,2.0,NaN,0.9828145121168743,NaN,NaN,NaN,NaN,NaN,NaN,NaN,NaN,0.0,0.2658706772697104,2.0,0.831014681112684,NaN,NaN,NaN,NaN,NaN,NaN,0.0,3.0,NaN
1800,7,1.0,81.0,1.0,1.0,1.0,0.0,1.0,0.8864234591341804,2.0,NaN,0.9909499036887166,NaN,NaN,NaN,NaN,NaN,NaN,NaN,NaN,5.0,0.19168410529090346,2.0,NaN,NaN,NaN,NaN,NaN,NaN,3.0936458420539625,0.0,3.0,NaN
1900,0,1.0,81.0,1.0,1.0,1.0,0.0,1.0,0.8864234591341804,2.0,NaN,0.9910720313324608,NaN,NaN,NaN,NaN,NaN,NaN,NaN,NaN,5.0,0.19476251559537186,2.0,NaN,NaN,NaN,NaN,NaN,NaN,1.664128120575374,0.0,3.0,NaN
1900,1,1.0,81.0,1.0,1.0,1.0,0.0,1.0,0.8019527676361323,2.0,NaN,0.98289996676238,NaN,NaN,NaN,NaN,NaN,NaN,NaN,NaN,5.0,0.0531726761990992,2.0,NaN,NaN,NaN,NaN,NaN,NaN,1.5292798986062923,0.0,3.0,NaN
1900,2,1.0,86.0,1.0,1.0,1.0,0.0,1.0,0.8837353515273668,2.0,NaN,0.9923397753352966,NaN,NaN,NaN,NaN,NaN,NaN,NaN,NaN,5.0,0.26476389026918423,2.0,NaN,NaN,NaN,NaN,NaN,NaN,1.6419289677726026,0.0,3.0,NaN
1900,3,1.0,81.0,1.0,1.0,1.0,0.0,1.0,0.8864234591341804,2.0,NaN,0.9909499036887166,NaN,NaN,NaN,NaN,NaN,NaN,NaN,NaN,5.0,0.19168410529090346,2.0,NaN,NaN,NaN,NaN,NaN,NaN,3.0936458420539625,0.0,3.0,NaN
1900,4,1.0,86.0,1.0,1.0,1.0,0.0,1.0,0.8806005138282283,2.0,NaN,0.9826189451711207,NaN,NaN,NaN,NaN,NaN,NaN,NaN,NaN,4.0,0.2702586164434364,2.0,NaN,NaN,NaN,NaN,1.1095314453148917,0.8478990702501245,NaN,0.0,3.0,NaN
2000,0,1.0,81.0,1.0,1.0,1.0,0.0,1.0,0.8864234591341804,2.0,NaN,0.9910720313324608,NaN,NaN,NaN,NaN,NaN,NaN,NaN,NaN,5.0,0.19476251559537186,2.0,NaN,NaN,NaN,NaN,NaN,NaN,1.664128120575374,0.0,3.0,NaN
2000,1,1.0,81.0,1.0,1.0,1.0,0.0,1.0,0.8019527676361323,2.0,NaN,0.98289996676238,NaN,NaN,NaN,NaN,NaN,NaN,NaN,NaN,5.0,0.0531726761990992,2.0,NaN,NaN,NaN,NaN,NaN,NaN,1.5292798986062923,0.0,3.0,NaN
2000,2,1.0,86.0,1.0,1.0,1.0,0.0,1.0,0.8837353515273668,2.0,NaN,0.9923397753352966,NaN,NaN,NaN,NaN,NaN,NaN,NaN,NaN,5.0,0.26476389026918423,2.0,NaN,NaN,NaN,NaN,NaN,NaN,1.6419289677726026,0.0,3.0,NaN
2000,3,1.0,81.0,1.0,1.0,1.0,0.0,1.0,0.8864234591341804,2.0,NaN,0.9909499036887166,NaN,NaN,NaN,NaN,NaN,NaN,NaN,NaN,5.0,0.19168410529090346,2.0,NaN,NaN,NaN,NaN,NaN,NaN,3.0936458420539625,0.0,3.0,NaN
2000,4,1.0,86.0,1.0,1.0,1.0,0.0,1.0,0.8806005138282283,2.0,NaN,0.9826189451711207,NaN,NaN,NaN,NaN,NaN,NaN,NaN,NaN,4.0,0.2702586164434364,2.0,NaN,NaN,NaN,NaN,1.1095314453148917,0.8478990702501245,NaN,0.0,3.0,NaN
2000,5,1.0,81.0,1.0,1.0,1.0,0.0,1.0,0.8855540055021642,2.0,NaN,0.9910720313324608,NaN,NaN,NaN,NaN,NaN,NaN,NaN,NaN,5.0,0.2707589855946965,2.0,NaN,NaN,NaN,NaN,NaN,NaN,1.664128120575374,0.0,3.0,NaN
2100,0,1.0,81.0,1.0,1.0,1.0,0.0,1.0,0.8864234591341804,2.0,NaN,0.9910720313324608,NaN,NaN,NaN,NaN,NaN,NaN,NaN,NaN,5.0,0.19476251559537186,2.0,NaN,NaN,NaN,NaN,NaN,NaN,1.664128120575374,0.0,3.0,NaN
2100,1,1.0,86.0,1.0,1.0,1.0,0.0,1.0,0.8837353515273668,2.0,NaN,0.9923397753352966,NaN,NaN,NaN,NaN,NaN,NaN,NaN,NaN,5.0,0.26476389026918423,2.0,NaN,NaN,NaN,NaN,NaN,NaN,1.6419289677726026,0.0,3.0,NaN
2100,2,1.0,86.0,1.0,1.0,1.0,0.0,1.0,0.8806005138282283,2.0,NaN,0.9826189451711207,NaN,NaN,NaN,NaN,NaN,NaN,NaN,NaN,4.0,0.2702586164434364,2.0,NaN,NaN,NaN,NaN,1.1095314453148917,0.8478990702501245,NaN,0.0,3.0,NaN
2100,3,1.0,86.0,1.0,1.0,1.0,0.0,1.0,0.8806005138282283,2.0,NaN,0.9828145121168743,NaN,NaN,NaN,NaN,NaN,NaN,NaN,NaN,5.0,0.26567246735146677,2.0,NaN,NaN,NaN,NaN,NaN,NaN,3.074010866388493,0.0,3.0,NaN
2200,0,1.0,81.0,1.0,1.0,1.0,0.0,1.0,0.8864234591341804,2.0,NaN,0.9910720313324608,NaN,NaN,NaN,NaN,NaN,NaN,NaN,NaN,5.0,0.19476251559537186,2.0,NaN,NaN,NaN,NaN,NaN,NaN,1.664128120575374,0.0,3.0,NaN
2200,1,1.0,86.0,1.0,1.0,1.0,0.0,1.0,0.8806005138282283,2.0,NaN,0.9826189451711207,NaN,NaN,NaN,NaN,NaN,NaN,NaN,NaN,4.0,0.2702586164434364,2.0,NaN,NaN,NaN,NaN,1.1095314453148917,0.8478990702501245,NaN,0.0,3.0,NaN
2200,2,1.0,86.0,1.0,1.0,1.0,0.0,1.0,0.8806005138282283,2.0,NaN,0.9828145121168743,NaN,NaN,NaN,NaN,NaN,NaN,NaN,NaN,5.0,0.26567246735146677,2.0,NaN,NaN,NaN,NaN,NaN,NaN,3.074010866388493,0.0,3.0,NaN
2200,3,1.0,108.0,1.0,1.0,1.0,0.0,1.0,0.8864234591341804,2.0,NaN,0.9900034231662855,NaN,NaN,NaN,NaN,NaN,NaN,NaN,NaN,5.0,0.19476251559537186,2.0,NaN,NaN,NaN,NaN,NaN,NaN,1.7204524765642537,0.0,3.0,NaN
2200,4,1.0,86.0,1.0,1.0,1.0,0.0,1.0,0.8806005138282283,2.0,NaN,0.9826189451711207,NaN,NaN,NaN,NaN,NaN,NaN,NaN,NaN,4.0,0.2702586164434364,2.0,NaN,NaN,NaN,NaN,1.1095314453148917,0.8478990702501245,NaN,0.0,3.0,NaN
2300,0,1.0,81.0,1.0,1.0,1.0,0.0,1.0,0.8864234591341804,2.0,NaN,0.9910720313324608,NaN,NaN,NaN,NaN,NaN,NaN,NaN,NaN,5.0,0.19476251559537186,2.0,NaN,NaN,NaN,NaN,NaN,NaN,1.664128120575374,0.0,3.0,NaN
2300,1,1.0,86.0,1.0,1.0,1.0,0.0,1.0,0.8806005138282283,2.0,NaN,0.9826189451711207,NaN,NaN,NaN,NaN,NaN,NaN,NaN,NaN,4.0,0.2702586164434364,2.0,NaN,NaN,NaN,NaN,1.1095314453148917,0.8478990702501245,NaN,0.0,3.0,NaN
2300,2,1.0,86.0,1.0,1.0,1.0,0.0,1.0,0.8806005138282283,2.0,NaN,0.9828145121168743,NaN,NaN,NaN,NaN,NaN,NaN,NaN,NaN,5.0,0.26567246735146677,2.0,NaN,NaN,NaN,NaN,NaN,NaN,3.074010866388493,0.0,3.0,NaN
2300,3,1.0,108.0,1.0,1.0,1.0,0.0,1.0,0.8864234591341804,2.0,NaN,0.9900034231662855,NaN,NaN,NaN,NaN,NaN,NaN,NaN,NaN,5.0,0.19476251559537186,2.0,NaN,NaN,NaN,NaN,NaN,NaN,1.7204524765642537,0.0,3.0,NaN
2300,4,1.0,86.0,1.0,1.0,1.0,0.0,1.0,0.8806005138282283,2.0,NaN,0.9826189451711207,NaN,NaN,NaN,NaN,NaN,NaN,NaN,NaN,4.0,0.2702586164434364,2.0,NaN,NaN,NaN,NaN,1.1095314453148917,0.8478990702501245,NaN,0.0,3.0,NaN
2400,0,1.0,81.0,1.0,1.0,1.0,0.0,1.0,0.8864234591341804,2.0,NaN,0.9910720313324608,NaN,NaN,NaN,NaN,NaN,NaN,NaN,NaN,5.0,0.19476251559537186,2.0,NaN,NaN,NaN,NaN,NaN,NaN,1.664128120575374,0.0,3.0,NaN
2400,1,1.0,86.0,1.0,1.0,1.0,0.0,1.0,0.8806005138282283,2.0,NaN,0.9826189451711207,NaN,NaN,NaN,NaN,NaN,NaN,NaN,NaN,4.0,0.2702586164434364,2.0,NaN,NaN,NaN,NaN,1.1095314453148917,0.8478990702501245,NaN,0.0,3.0,NaN
2400,2,1.0,86.0,1.0,1.0,1.0,0.0,1.0,0.8806005138282283,2.0,NaN,0.9828145121168743,NaN,NaN,NaN,NaN,NaN,NaN,NaN,NaN,5.0,0.26567246735146677,2.0,NaN,NaN,NaN,NaN,NaN,NaN,3.074010866388493,0.0,3.0,NaN
2400,3,1.0,108.0,1.0,1.0,1.0,0.0,1.0,0.8864234591341804,2.0,NaN,0.9900034231662855,NaN,NaN,NaN,NaN,NaN,NaN,NaN,NaN,5.0,0.19476251559537186,2.0,NaN,NaN,NaN,NaN,NaN,NaN,1.7204524765642537,0.0,3.0,NaN
2400,4,1.0,86.0,1.0,1.0,1.0,0.0,1.0,0.8806005138282283,2.0,NaN,0.9826189451711207,NaN,NaN,NaN,NaN,NaN,NaN,NaN,NaN,4.0,0.2702586164434364,2.0,NaN,NaN,NaN,NaN,1.1095314453148917,0.8478990702501245,NaN,0.0,3.0,NaN
2400,5,1.0,83.0,1.0,1.0,1.0,0.0,1.0,0.8530735276673241,2.0,NaN,0.9827259172156552,NaN,NaN,NaN,NaN,NaN,NaN,NaN,NaN,5.0,0.26574946045547454,2.0,NaN,NaN,NaN,NaN,NaN,NaN,2.6273720133743073,0.0,3.0,NaN
2500,0,1.0,81.0,1.0,1.0,1.0,0.0,1.0,0.8864234591341804,2.0,NaN,0.9910720313324608,NaN,NaN,NaN,NaN,NaN,NaN,NaN,NaN,5.0,0.19476251559537186,2.0,NaN,NaN,NaN,NaN,NaN,NaN,1.664128120575374,0.0,3.0,NaN
2500,1,1.0,86.0,1.0,1.0,1.0,0.0,1.0,0.8806005138282283,2.0,NaN,0.9826189451711207,NaN,NaN,NaN,NaN,NaN,NaN,NaN,NaN,4.0,0.2702586164434364,2.0,NaN,NaN,NaN,NaN,1.1095314453148917,0.8478990702501245,NaN,0.0,3.0,NaN
2500,2,1.0,86.0,1.0,1.0,1.0,0.0,1.0,0.8806005138282283,2.0,NaN,0.9828145121168743,NaN,NaN,NaN,NaN,NaN,NaN,NaN,NaN,5.0,0.26567246735146677,2.0,NaN,NaN,NaN,NaN,NaN,NaN,3.074010866388493,0.0,3.0,NaN
2500,3,1.0,108.0,1.0,1.0,1.0,0.0,1.0,0.8864234591341804,2.0,NaN,0.9900034231662855,NaN,NaN,NaN,NaN,NaN,NaN,NaN,NaN,5.0,0.19476251559537186,2.0,NaN,NaN,NaN,NaN,NaN,NaN,1.7204524765642537,0.0,3.0,NaN
2500,4,1.0,86.0,1.0,1.0,1.0,0.0,1.0,0.8806005138282283,2.0,NaN,0.9826189451711207,NaN,NaN,NaN,NaN,NaN,NaN,NaN,NaN,4.0,0.2702586164434364,2.0,NaN,NaN,NaN,NaN,1.1095314453148917,0.8478990702501245,NaN,0.0,3.0,NaN
2500,5,1.0,86.0,1.0,1.0,1.0,0.0,1.0,0.885324990471986,2.0,NaN,0.9823519516584338,NaN,NaN,NaN,NaN,NaN,NaN,NaN,NaN,5.0,0.2702150411498664,2.0,NaN,NaN,NaN,NaN,NaN,NaN,3.1024936778310463,0.0,3.0,NaN
2500,6,1.0,86.0,1.0,1.0,1.0,0.0,1.0,0.885324990471986,2.0,NaN,0.9823519516584338,NaN,NaN,NaN,NaN,NaN,NaN,NaN,NaN,5.0,0.2702150411498664,2.0,NaN,NaN,NaN,NaN,NaN,NaN,3.1024933709230744,0.0,3.0,NaN
2600,0,1.0,81.0,1.0,1.0,1.0,0.0,1.0,0.8864234591341804,2.0,NaN,0.9910720313324608,NaN,NaN,NaN,NaN,NaN,NaN,NaN,NaN,5.0,0.19476251559537186,2.0,NaN,NaN,NaN,NaN,NaN,NaN,1.664128120575374,0.0,3.0,NaN
2600,1,1.0,86.0,1.0,1.0,1.0,0.0,1.0,0.8806005138282283,2.0,NaN,0.9826189451711207,NaN,NaN,NaN,NaN,NaN,NaN,NaN,NaN,4.0,0.2702586164434364,2.0,NaN,NaN,NaN,NaN,1.1095314453148917,0.8478990702501245,NaN,0.0,3.0,NaN
2600,2,1.0,86.0,1.0,1.0,1.0,0.0,1.0,0.8806005138282283,2.0,NaN,0.9828145121168743,NaN,NaN,NaN,NaN,NaN,NaN,NaN,NaN,5.0,0.26567246735146677,2.0,NaN,NaN,NaN,NaN,NaN,NaN,3.074010866388493,0.0,3.0,NaN
2600,3,1.0,108.0,1.0,1.0,1.0,0.0,1.0,0.8864234591341804,2.0,NaN,0.9900034231662855,NaN,NaN,NaN,NaN,NaN,NaN,NaN,NaN,5.0,0.19476251559537186,2.0,NaN,NaN,NaN,NaN,NaN,NaN,1.7204524765642537,0.0,3.0,NaN
2600,4,1.0,86.0,1.0,1.0,1.0,0.0,1.0,0.8806005138282283,2.0,NaN,0.9826189451711207,NaN,NaN,NaN,NaN,NaN,NaN,NaN,NaN,4.0,0.2702586164434364,2.0,NaN,NaN,NaN,NaN,1.1095314453148917,0.8478990702501245,NaN,0.0,3.0,NaN
2600,5,1.0,86.0,1.0,1.0,1.0,0.0,1.0,0.885324990471986,2.0,NaN,0.9823519516584338,NaN,NaN,NaN,NaN,NaN,NaN,NaN,NaN,5.0,0.2702150411498664,2.0,NaN,NaN,NaN,NaN,NaN,NaN,3.1024936778310463,0.0,3.0,NaN
2600,6,1.0,86.0,1.0,1.0,1.0,0.0,1.0,0.885324990471986,2.0,NaN,0.9823519516584338,NaN,NaN,NaN,NaN,NaN,NaN,NaN,NaN,5.0,0.2702150411498664,2.0,NaN,NaN,NaN,NaN,NaN,NaN,3.1024933709230744,0.0,3.0,NaN
2600,7,1.0,81.0,1.0,1.0,1.0,0.0,1.0,0.8864085251290695,2.0,NaN,0.9924149295344118,NaN,NaN,NaN,NaN,NaN,NaN,NaN,NaN,5.0,0.06948909683514351,2.0,NaN,NaN,NaN,NaN,NaN,NaN,3.0936458420539625,0.0,3.0,NaN
2700,0,1.0,81.0,1.0,1.0,1.0,0.0,1.0,0.8864234591341804,2.0,NaN,0.9910720313324608,NaN,NaN,NaN,NaN,NaN,NaN,NaN,NaN,5.0,0.19476251559537186,2.0,NaN,NaN,NaN,NaN,NaN,NaN,1.664128120575374,0.0,3.0,NaN
2700,1,1.0,86.0,1.0,1.0,1.0,0.0,1.0,0.8806005138282283,2.0,NaN,0.9826189451711207,NaN,NaN,NaN,NaN,NaN,NaN,NaN,NaN,4.0,0.2702586164434364,2.0,NaN,NaN,NaN,NaN,1.1095314453148917,0.8478990702501245,NaN,0.0,3.0,NaN
2700,2,1.0,86.0,1.0,1.0,1.0,0.0,1.0,0.8806005138282283,2.0,NaN,0.9828145121168743,NaN,NaN,NaN,NaN,NaN,NaN,NaN,NaN,5.0,0.26567246735146677,2.0,NaN,NaN,NaN,NaN,NaN,NaN,3.074010866388493,0.0,3.0,NaN
2700,3,1.0,108.0,1.0,1.0,1.0,0.0,1.0,0.8864234591341804,2.0,NaN,0.9900034231662855,NaN,NaN,NaN,NaN,NaN,NaN,NaN,NaN,5.0,0.19476251559537186,2.0,NaN,NaN,NaN,NaN,NaN,NaN,1.7204524765642537,0.0,3.0,NaN
2700,4,1.0,86.0,1.0,1.0,1.0,0.0,1.0,0.8806005138282283,2.0,NaN,0.9826189451711207,NaN,NaN,NaN,NaN,NaN,NaN,NaN,NaN,4.0,0.2702586164434364,2.0,NaN,NaN,NaN,NaN,1.1095314453148917,0.8478990702501245,NaN,0.0,3.0,NaN
2700,5,1.0,86.0,1.0,1.0,1.0,0.0,1.0,0.885324990471986,2.0,NaN,0.9823519516584338,NaN,NaN,NaN,NaN,NaN,NaN,NaN,NaN,5.0,0.2702150411498664,2.0,NaN,NaN,NaN,NaN,NaN,NaN,3.1024936778310463,0.0,3.0,NaN
2700,6,1.0,86.0,1.0,1.0,1.0,0.0,1.0,0.885324990471986,2.0,NaN,0.9823519516584338,NaN,NaN,NaN,NaN,NaN,NaN,NaN,NaN,5.0,0.2702150411498664,2.0,NaN,NaN,NaN,NaN,NaN,NaN,3.1024933709230744,0.0,3.0,NaN
2700,7,1.0,81.0,1.0,1.0,1.0,0.0,1.0,0.8864085251290695,2.0,NaN,0.9924149295344118,NaN,NaN,NaN,NaN,NaN,NaN,NaN,NaN,5.0,0.06948909683514351,2.0,NaN,NaN,NaN,NaN,NaN,NaN,3.0936458420539625,0.0,3.0,NaN
2800,0,1.0,81.0,1.0,1.0,1.0,0.0,1.0,0.8864234591341804,2.0,NaN,0.9910720313324608,NaN,NaN,NaN,NaN,NaN,NaN,NaN,NaN,5.0,0.19476251559537186,2.0,NaN,NaN,NaN,NaN,NaN,NaN,1.664128120575374,0.0,3.0,NaN
2800,1,1.0,86.0,1.0,1.0,1.0,0.0,1.0,0.8806005138282283,2.0,NaN,0.9826189451711207,NaN,NaN,NaN,NaN,NaN,NaN,NaN,NaN,4.0,0.2702586164434364,2.0,NaN,NaN,NaN,NaN,1.1095314453148917,0.8478990702501245,NaN,0.0,3.0,NaN
2800,2,1.0,86.0,1.0,1.0,1.0,0.0,1.0,0.8806005138282283,2.0,NaN,0.9828145121168743,NaN,NaN,NaN,NaN,NaN,NaN,NaN,NaN,5.0,0.26567246735146677,2.0,NaN,NaN,NaN,NaN,NaN,NaN,3.074010866388493,0.0,3.0,NaN
2800,3,1.0,108.0,1.0,1.0,1.0,0.0,1.0,0.8864234591341804,2.0,NaN,0.9900034231662855,NaN,NaN,NaN,NaN,NaN,NaN,NaN,NaN,5.0,0.19476251559537186,2.0,NaN,NaN,NaN,NaN,NaN,NaN,1.7204524765642537,0.0,3.0,NaN
2800,4,1.0,86.0,1.0,1.0,1.0,0.0,1.0,0.8806005138282283,2.0,NaN,0.9826189451711207,NaN,NaN,NaN,NaN,NaN,NaN,NaN,NaN,4.0,0.2702586164434364,2.0,NaN,NaN,NaN,NaN,1.1095314453148917,0.8478990702501245,NaN,0.0,3.0,NaN
2800,5,1.0,86.0,1.0,1.0,1.0,0.0,1.0,0.885324990471986,2.0,NaN,0.9823519516584338,NaN,NaN,NaN,NaN,NaN,NaN,NaN,NaN,5.0,0.2702150411498664,2.0,NaN,NaN,NaN,NaN,NaN,NaN,3.1024936778310463,0.0,3.0,NaN
2800,6,1.0,86.0,1.0,1.0,1.0,0.0,1.0,0.885324990471986,2.0,NaN,0.9823519516584338,NaN,NaN,NaN,NaN,NaN,NaN,NaN,NaN,5.0,0.2702150411498664,2.0,NaN,NaN,NaN,NaN,NaN,NaN,3.1024933709230744,0.0,3.0,NaN
2800,7,1.0,81.0,1.0,1.0,1.0,0.0,1.0,0.8864085251290695,2.0,NaN,0.9924149295344118,NaN,NaN,NaN,NaN,NaN,NaN,NaN,NaN,5.0,0.06948909683514351,2.0,NaN,NaN,NaN,NaN,NaN,NaN,3.0936458420539625,0.0,3.0,NaN
2900,0,1.0,81.0,1.0,1.0,1.0,0.0,1.0,0.8864234591341804,2.0,NaN,0.9910720313324608,NaN,NaN,NaN,NaN,NaN,NaN,NaN,NaN,5.0,0.19476251559537186,2.0,NaN,NaN,NaN,NaN,NaN,NaN,1.664128120575374,0.0,3.0,NaN
2900,1,1.0,86.0,1.0,1.0,1.0,0.0,1.0,0.8806005138282283,2.0,NaN,0.9828145121168743,NaN,NaN,NaN,NaN,NaN,NaN,NaN,NaN,5.0,0.26567246735146677,2.0,NaN,NaN,NaN,NaN,NaN,NaN,3.074010866388493,0.0,3.0,NaN
2900,2,1.0,86.0,1.0,1.0,1.0,0.0,1.0,0.8806005138282283,2.0,NaN,0.9826189451711207,NaN,NaN,NaN,NaN,NaN,NaN,NaN,NaN,4.0,0.2702586164434364,2.0,NaN,NaN,NaN,NaN,1.1095314453148917,0.8478990702501245,NaN,0.0,3.0,NaN
2900,3,1.0,86.0,1.0,1.0,1.0,0.0,1.0,0.885324990471986,2.0,NaN,0.9823519516584338,NaN,NaN,NaN,NaN,NaN,NaN,NaN,NaN,5.0,0.2702150411498664,2.0,NaN,NaN,NaN,NaN,NaN,NaN,3.1024936778310463,0.0,3.0,NaN
2900,4,1.0,86.0,1.0,1.0,1.0,0.0,1.0,0.885324990471986,2.0,NaN,0.9823519516584338,NaN,NaN,NaN,NaN,NaN,NaN,NaN,NaN,5.0,0.2702150411498664,2.0,NaN,NaN,NaN,NaN,NaN,NaN,3.1024933709230744,0.0,3.0,NaN
2900,5,1.0,81.0,1.0,1.0,1.0,0.0,1.0,0.8864085251290695,2.0,NaN,0.9924149295344118,NaN,NaN,NaN,NaN,NaN,NaN,NaN,NaN,5.0,0.06948909683514351,2.0,NaN,NaN,NaN,NaN,NaN,NaN,3.0936458420539625,0.0,3.0,NaN
2900,6,1.0,81.0,1.0,1.0,1.0,0.0,1.0,0.880677665051395,2.0,NaN,0.9825132782983296,NaN,NaN,NaN,NaN,NaN,NaN,NaN,NaN,5.0,0.26567246735146677,2.0,NaN,NaN,NaN,NaN,NaN,NaN,3.074154629978826,0.0,3.0,NaN
2900,7,1.0,86.0,1.0,1.0,1.0,0.0,1.0,0.885324990471986,2.0,NaN,0.9824457896697354,NaN,NaN,NaN,NaN,NaN,NaN,NaN,NaN,4.0,0.2702150411498664,2.0,NaN,NaN,NaN,NaN,1.9283477145225154,0.8468724782269417,NaN,0.0,3.0,NaN
3000,0,1.0,86.0,1.0,1.0,1.0,0.0,1.0,0.8806005138282283,2.0,NaN,0.9826189451711207,NaN,NaN,NaN,NaN,NaN,NaN,NaN,NaN,4.0,0.2702586164434364,2.0,NaN,NaN,NaN,NaN,1.1095314453148917,0.8478990702501245,NaN,0.0,3.0,NaN
3000,1,1.0,86.0,1.0,1.0,1.0,0.0,1.0,0.885324990471986,2.0,NaN,0.9823519516584338,NaN,NaN,NaN,NaN,NaN,NaN,NaN,NaN,5.0,0.2702150411498664,2.0,NaN,NaN,NaN,NaN,NaN,NaN,3.1024936778310463,0.0,3.0,NaN
3000,2,1.0,81.0,1.0,1.0,1.0,0.0,1.0,0.8864085251290695,2.0,NaN,0.9924149295344118,NaN,NaN,NaN,NaN,NaN,NaN,NaN,NaN,5.0,0.06948909683514351,2.0,NaN,NaN,NaN,NaN,NaN,NaN,3.0936458420539625,0.0,3.0,NaN
3000,3,1.0,81.0,1.0,1.0,1.0,0.0,1.0,0.880677665051395,2.0,NaN,0.9825132782983296,NaN,NaN,NaN,NaN,NaN,NaN,NaN,NaN,5.0,0.26567246735146677,2.0,NaN,NaN,NaN,NaN,NaN,NaN,3.074154629978826,0.0,3.0,NaN
3000,4,1.0,81.0,1.0,1.0,1.0,0.0,1.0,0.8864085251290695,2.0,NaN,0.9913682009597186,NaN,NaN,NaN,NaN,NaN,NaN,NaN,NaN,5.0,0.06948909683514351,2.0,NaN,NaN,NaN,NaN,NaN,NaN,1.7205887161700029,0.0,3.0,NaN
3000,0,1.0,86.0,1.0,1.0,1.0,0.0,1.0,0.8806005138282283,2.0,NaN,0.9826189451711207,NaN,NaN,NaN,NaN,NaN,NaN,NaN,NaN,4.0,0.2702586164434364,2.0,NaN,NaN,NaN,NaN,1.1095314453148917,0.8478990702501245,NaN,0.0,3.0,NaN
3000,1,1.0,86.0,1.0,1.0,1.0,0.0,1.0,0.885324990471986,2.0,NaN,0.9823519516584338,NaN,NaN,NaN,NaN,NaN,NaN,NaN,NaN,5.0,0.2702150411498664,2.0,NaN,NaN,NaN,NaN,NaN,NaN,3.1024936778310463,0.0,3.0,NaN
3000,2,1.0,81.0,1.0,1.0,1.0,0.0,1.0,0.8864085251290695,2.0,NaN,0.9924149295344118,NaN,NaN,NaN,NaN,NaN,NaN,NaN,NaN,5.0,0.06948909683514351,2.0,NaN,NaN,NaN,NaN,NaN,NaN,3.0936458420539625,0.0,3.0,NaN
3000,3,1.0,81.0,1.0,1.0,1.0,0.0,1.0,0.880677665051395,2.0,NaN,0.9825132782983296,NaN,NaN,NaN,NaN,NaN,NaN,NaN,NaN,5.0,0.26567246735146677,2.0,NaN,NaN,NaN,NaN,NaN,NaN,3.074154629978826,0.0,3.0,NaN
3000,4,1.0,81.0,1.0,1.0,1.0,0.0,1.0,0.8864085251290695,2.0,NaN,0.9913682009597186,NaN,NaN,NaN,NaN,NaN,NaN,NaN,NaN,5.0,0.06948909683514351,2.0,NaN,NaN,NaN,NaN,NaN,NaN,1.7205887161700029,0.0,3.0,NaN
